metric,class,electrode,mean_rho_distance_vs_metric,std_rho_across_subjects,t_vs_0,p_vs_0,n_subjects
PLV,L,FP1,-0.7817337461300309,0.20137263654822804,-10.270874529825303,1.7933252535809402e-05,8
PLV,L,FP2,-0.8338493292053664,0.09841868877183484,-22.41604702832394,8.895424466390865e-08,8
PLV,L,F7,-0.8204334365325077,0.06512186817041694,-33.33231833378487,5.665392863446106e-09,8
PLV,L,F3,-0.7592879256965943,0.21713296972444776,-9.251874680462633,3.563477137198366e-05,8
PLV,L,Fz,-0.831742896691729,0.21537888896116475,-10.217272779170074,1.8564392825030317e-05,8
PLV,L,F4,-0.7796697626418989,0.2033540975518555,-10.143942618029632,1.9469064803877098e-05,8
PLV,L,F8,-0.8384932920536636,0.04468357413998406,-49.64787999769072,3.520777083520213e-10,8
PLV,L,T7,-0.8272619761582516,0.1133222134019711,-19.314213800703154,2.4860641765334926e-07,8
PLV,L,C3,-0.8245781781754679,0.10864587055742436,-20.080181462855546,1.9017023090403191e-07,8
PLV,L,Cz,-0.8531249533586516,0.04852042009454032,-46.51972220052053,5.545642879426362e-10,8
PLV,L,C4,-0.8597933241110507,0.0811808391451746,-28.02138212002714,1.8938923972170422e-08,8
PLV,L,T8,-0.8600785530666064,0.07869478093948627,-28.916199171382623,1.522374527213058e-08,8
PLV,L,P7,-0.8539731682146543,0.055370468533174004,-40.80515641770727,1.3838890870435652e-09,8
PLV,L,P3,-0.9195046439628483,0.0433682175220861,-56.095932835047805,1.5005595105951895e-10,8
PLV,L,Pz,-0.9534663619556676,0.028611923310500595,-88.16725984563172,6.3592754080442496e-12,8
PLV,L,P4,-0.9104747162022704,0.08629905623521993,-27.91327946295911,1.9454203561683127e-08,8
PLV,L,P8,-0.8764189886480909,0.0545340753324351,-42.51995975218176,1.0384936720278325e-09,8
PLV,L,O1,-0.9011867905056758,0.049021644626633346,-48.63802817417287,4.063976956268387e-10,8
PLV,L,O2,-0.8996388028895769,0.07092222013090928,-33.56099876507293,5.4020605559887666e-09,8
PLV,R,FP1,-0.7765737874097007,0.18688669560879062,-10.993939988529428,1.1417973884571627e-05,8
PLV,R,FP2,-0.8495872033023735,0.09564418810593271,-23.501652337843673,6.413100085066256e-08,8
PLV,R,F7,-0.7912796697626419,0.06126622615236148,-34.17101648283215,4.765337510844272e-09,8
PLV,R,F3,-0.7371001031991744,0.20592292380713065,-9.47045393669537,3.0588799164679e-05,8
PLV,R,Fz,-0.8282454573192516,0.21548345210068387,-10.1693725584172,1.9149788741931383e-05,8
PLV,R,F4,-0.7997936016511867,0.18738821860576274,-11.292358643963453,9.550751213257854e-06,8
PLV,R,F8,-0.8658410732714139,0.02671244397429266,-85.75778977715481,7.719243048343333e-12,8
PLV,R,T7,-0.8165384490582774,0.12175356708529,-17.743690996890674,4.4539898432888296e-07,8
PLV,R,C3,-0.8081358122423097,0.1252364532601866,-17.07271588341972,5.802088622875187e-07,8
PLV,R,Cz,-0.8491704186551967,0.040677707395725744,-55.23157258145596,1.6725009820163596e-10,8
PLV,R,C4,-0.8629005428700727,0.07925681651512381,-28.805348776293517,1.563548945719182e-08,8
PLV,R,T8,-0.8626625355003352,0.08239612576489828,-27.700216643907318,2.051736263474744e-08,8
PLV,R,P7,-0.8477812177502579,0.05412548285905811,-41.441076363225505,1.2424007848780782e-09,8
PLV,R,P3,-0.9135706914344686,0.04523653733830728,-53.43204844651302,2.107917512886733e-10,8
PLV,R,Pz,-0.9486835182202609,0.028625644306066126,-87.68294034816634,6.609062179457745e-12,8
PLV,R,P4,-0.9161506707946336,0.07724744288932273,-31.37847348371764,8.625415030597725e-09,8
PLV,R,P8,-0.8841589267285862,0.05812631088496407,-40.24450552540969,1.5240588580567014e-09,8
PLV,R,O1,-0.8970588235294117,0.04724040136756705,-50.24077886189293,3.240699229582147e-10,8
PLV,R,O2,-0.9009287925696594,0.07215829146094258,-33.033397629809656,6.0320114716039444e-09,8
ImagPLV,L,FP1,0.490970072239422,0.21606352888406694,6.0120498773206785,0.0005357859355974183,8
ImagPLV,L,FP2,0.5802373581011352,0.13120888286454965,11.70015106758833,7.53389031547987e-06,8
ImagPLV,L,F7,0.22291021671826625,0.29281299545496225,2.0141353262538413,0.08385268675621824,8
ImagPLV,L,F3,0.34674922600619196,0.26188404531692955,3.503123751606445,0.00995108038586455,8
ImagPLV,L,Fz,0.5474140291884826,0.2822530709635185,5.131286545356224,0.001351721322656992,8
ImagPLV,L,F4,0.3268833849329206,0.2163898378760247,3.9967317908292994,0.005211553466348111,8
ImagPLV,L,F8,0.1782765737874097,0.2421938361448896,1.9475123163248804,0.09250588685295588,8
ImagPLV,L,T7,0.0711887160492264,0.3540630917910726,0.5319606679913047,0.6112118991152196,8
ImagPLV,L,C3,-0.11561443132527757,0.1457809791659231,-2.098264362106456,0.07406075538316607,8
ImagPLV,L,Cz,0.16978135660165997,0.14487204589888775,3.100661994769381,0.017306218730479737,8
ImagPLV,L,C4,-0.15212425174378627,0.14183057028845633,-2.8377728276581617,0.02512466862701674,8
ImagPLV,L,T8,-0.09366936322266632,0.2816156488783682,-0.8800144506884008,0.40804584478169015,8
ImagPLV,L,P7,-0.0007739938080495445,0.3588000031168966,-0.005707344243628083,0.9956054697844627,8
ImagPLV,L,P3,0.1805985552115583,0.3051730633730014,1.565730798603714,0.16139263136179702,8
ImagPLV,L,Pz,0.2966655776421173,0.3391284578056847,2.3144720619232233,0.053830987354831175,8
ImagPLV,L,P4,0.1953044375644995,0.2401669791571323,2.1515321280072053,0.0684585749390554,8
ImagPLV,L,P8,0.13828689370485037,0.24639761920831627,1.484887441275686,0.1811523930987595,8
ImagPLV,L,O1,0.19298245614035087,0.4336232336605429,1.1774820782446884,0.27748157639612236,8
ImagPLV,L,O2,0.3106295149638803,0.3386096857450382,2.4271262195667633,0.04561252085393406,8
ImagPLV,R,FP1,0.5773993808049536,0.19640337530948374,7.778151298903991,0.00010902998332307762,8
ImagPLV,R,FP2,0.5575335397316822,0.3468397246331331,4.252958899871835,0.0037792944585994352,8
ImagPLV,R,F7,0.2195562435500516,0.24928195288097058,2.330257816546932,0.05259393114463458,8
ImagPLV,R,F3,0.39680082559339525,0.23010812627244348,4.562360841191032,0.002597609595155972,8
ImagPLV,R,Fz,0.5842019099952807,0.23204349305691768,6.661048534195787,0.00028757346960675133,8
ImagPLV,R,F4,0.41434468524251805,0.20389281602070383,5.376614123087696,0.0010341284517493142,8
ImagPLV,R,F8,0.337203302373581,0.30692072516639635,2.9067964663074846,0.022764250405336594,8
ImagPLV,R,T7,0.16847565467911294,0.3986491188192799,1.1181378892042608,0.30040728228231695,8
ImagPLV,R,C3,-0.13361040663794674,0.21752010890810547,-1.6251366841838142,0.14816098875361325,8
ImagPLV,R,Cz,0.105717894405692,0.16546051282957336,1.6904532262325684,0.13478583008601214,8
ImagPLV,R,C4,-0.06059076580092933,0.26999945130436337,-0.5937349030961739,0.5713687522792319,8
ImagPLV,R,T8,-0.004392770137338839,0.27362153463817157,-0.04247537521284066,0.9673059221503559,8
ImagPLV,R,P7,-0.05572755417956657,0.29066647918629845,-0.5072523324525183,0.6275640022343354,8
ImagPLV,R,P3,0.12383900928792571,0.2872276085886137,1.1407232849045073,0.2915049256421339,8
ImagPLV,R,Pz,0.3543182345608032,0.2673786547915738,3.50603130363598,0.00991219494484359,8
ImagPLV,R,P4,0.21671826625386997,0.21922963778371465,2.6154430708794196,0.03463798455349728,8
ImagPLV,R,P8,0.11919504643962847,0.278805419121719,1.1311130586467326,0.29526611024828814,8
ImagPLV,R,O1,0.1318369453044376,0.35848894443009344,0.9729944990088397,0.36297052685517056,8
ImagPLV,R,O2,0.3059855521155831,0.3418771527328474,2.3679899905719677,0.049753081647010346,8
PLI,L,FP1,0.3851909184726522,0.26560395695865274,3.836988685066323,0.0063994891424259395,8
PLI,L,FP2,0.39241486068111453,0.29774873264785096,3.486940558555493,0.010170544689055544,8
PLI,L,F7,0.10190918472652219,0.17944030025832425,1.5025964552643,0.17664391757261141,8
PLI,L,F3,0.2966976264189886,0.25304586975587395,3.1021574659373363,0.017269972840854592,8
PLI,L,Fz,0.5213775360822628,0.22568897700620638,6.112107547066149,0.00048526117690240875,8
PLI,L,F4,0.21078431372549017,0.3382823247965756,1.648572312273263,0.14322482136094747,8
PLI,L,F8,-0.034313725490196095,0.35693406044964404,-0.25434833562487863,0.8065363960722582,8
PLI,L,T7,-0.00581396047588964,0.4749983701148521,-0.0323838870180615,0.9750699404976795,8
PLI,L,C3,-0.1754283924364514,0.2956015737994785,-1.5701536812572736,0.16037098508294348,8
PLI,L,Cz,0.018718130929686116,0.1665457557795854,0.2973568387623008,0.7748247150779197,8
PLI,L,C4,-0.23187619989201802,0.28666347240727236,-2.140093939130761,0.06962465289484014,8
PLI,L,T8,-0.1709304379911552,0.39863804340389764,-1.1344612936446143,0.29395120255390084,8
PLI,L,P7,-0.316047471620227,0.32009871607745294,-2.612266061684349,0.03479842823084321,8
PLI,L,P3,-0.31011351909184726,0.207165113412239,-3.96052808410567,0.00545798159994651,8
PLI,L,Pz,-0.23099842581545255,0.336188732058654,-1.8179205002280143,0.11190897895449346,8
PLI,L,P4,-0.3379772961816305,0.3147063011392778,-2.841391707905053,0.02499471875228927,8
PLI,L,P8,-0.3320433436532507,0.20223072392970204,-4.344068471545588,0.003379235510910545,8
PLI,L,O1,-0.35319917440660475,0.41349648824086127,-2.2599398189057256,0.05833655890211163,8
PLI,L,O2,-0.283797729618163,0.37982624026152034,-1.976846609379656,0.08859265628136684,8
PLI,R,FP1,0.4496904024767802,0.2508948680308436,4.742101666981252,0.002102728739891518,8
PLI,R,FP2,0.574045407636739,0.08821530078434965,17.216756915881394,5.477363539234097e-07,8
PLI,R,F7,0.23813209494324045,0.1934824554791335,3.256307146001585,0.013935291674023706,8
PLI,R,F3,0.3222394220846233,0.2732244430604292,3.1203847060950025,0.016834638414487995,8
PLI,R,Fz,0.5625695998025508,0.1319917576022804,11.27660759490459,9.640157758912883e-06,8
PLI,R,F4,0.2069143446852425,0.19903733981256466,2.7504582770478345,0.02848514130722509,8
PLI,R,F8,0.13338493292053666,0.3786895603185972,0.9319067598638564,0.3824020768633053,8
PLI,R,T7,-0.029844997109566798,0.4329880102484247,-0.18236634355314127,0.8604642573874199,8
PLI,R,C3,-0.08816733228724974,0.3159567863577632,-0.738293478931401,0.48434726620245616,8
PLI,R,Cz,0.0023727208220728907,0.15439035606543758,0.04066076007447552,0.9687017658315586,8
PLI,R,C4,-0.2264385670637295,0.17636940443609714,-3.396848436382388,0.011491700466845804,8
PLI,R,T8,-0.14857898993940177,0.32309939043041735,-1.2166629497664851,0.2631583472407258,8
PLI,R,P7,-0.27270381836945307,0.26731362742333264,-2.6991010220391156,0.030678910224482377,8
PLI,R,P3,-0.29179566563467496,0.16895201235159493,-4.569455871939002,0.002575798213485481,8
PLI,R,Pz,-0.2347471411756361,0.2667570174769867,-2.328270732700349,0.052748043692476466,8
PLI,R,P4,-0.2871517027863777,0.24157411866213682,-3.1449229674476933,0.016266953284890143,8
PLI,R,P8,-0.19427244582043346,0.23972201397038703,-2.144135908588815,0.06921033419475016,8
PLI,R,O1,-0.34133126934984515,0.3457317704074026,-2.6120759811154386,0.03480805203462657,8
PLI,R,O2,-0.16228070175438597,0.3433764500694107,-1.2503897088468299,0.2513338942405667,8
wPLI,L,FP1,0.43808049535603716,0.243927463780671,4.751625860309973,0.0020795819451976064,8
wPLI,L,FP2,0.4396284829721362,0.27931347950768437,4.164308995237254,0.004218999736576114,8
wPLI,L,F7,0.16666666666666669,0.22952422099364594,1.9211852672241758,0.09616188272082905,8
wPLI,L,F3,0.32172342621259026,0.22878569775736,3.7205130611131914,0.0074510484976856315,8
wPLI,L,Fz,0.5597198343879397,0.19798980808567457,7.47957432748224,0.00013968628592728852,8
wPLI,L,F4,0.19143446852425183,0.30503300116534326,1.6604367204401282,0.14078502426745898,8
wPLI,L,F8,0.018059855521155806,0.33589666725295436,0.1422517431134613,0.8908889439598073,8
wPLI,L,T7,0.05646001617697265,0.44370761269440673,0.33666125518075074,0.7462400494064676,8
wPLI,L,C3,-0.1307621227755099,0.2561350438921818,-1.3507095808277034,0.2188211343452347,8
wPLI,L,Cz,-0.005536348584836738,0.12525079596611854,-0.11694777197906792,0.9101861131924411,8
wPLI,L,C4,-0.27201110886271906,0.2738395070860538,-2.628085901686623,0.03400708335977684,8
wPLI,L,T8,-0.13966425054303766,0.3918726502943519,-0.942951424922193,0.37710310478370346,8
wPLI,L,P7,-0.30030959752321984,0.3245642746972679,-2.448034405861326,0.04423458587653593,8
wPLI,L,P3,-0.30211558307533537,0.14832144046831802,-5.389124441421198,0.0010203205009451932,8
wPLI,L,Pz,-0.29059007343768173,0.31585470165890306,-2.434122600493609,0.04514658989309353,8
wPLI,L,P4,-0.3622291021671826,0.31902401964160093,-3.0040625876422293,0.01982787157492815,8
wPLI,L,P8,-0.2649638802889577,0.19432006510131714,-3.6075972560721383,0.00865181257767049,8
wPLI,L,O1,-0.4236326109391125,0.3940705439138582,-2.844228154355225,0.024893359792399462,8
wPLI,L,O2,-0.3292053663570692,0.3690261643004808,-2.360254133469798,0.05032247058103279,8
wPLI,R,FP1,0.4442724458204334,0.29943547666999415,3.9255014772171513,0.005708554744364087,8
wPLI,R,FP2,0.6341589267285861,0.09313546819551545,18.014907148942203,4.013392676178297e-07,8
wPLI,R,F7,0.141124871001032,0.1931077927782804,1.933538295388757,0.09442916468396274,8
wPLI,R,F3,0.2742518059855521,0.31973085790444666,2.2694152200503472,0.057527075244810634,8
wPLI,R,Fz,0.5725437787536898,0.19870687692768008,7.623331797574216,0.00012385595988079952,8
wPLI,R,F4,0.25232198142414863,0.2524348632462616,2.644568204955513,0.03320248693145007,8
wPLI,R,F8,0.1568627450980392,0.37465564495597786,1.1077367152684778,0.30458113076899485,8
wPLI,R,T7,0.08359183173112426,0.46308121182744205,0.4775905235372078,0.647494136769865,8
wPLI,R,C3,-0.17542839243645142,0.2963789853671216,-1.5660351178804717,0.16132214423699304,8
wPLI,R,Cz,0.02478175080831683,0.1320148756274297,0.49665879985086336,0.6346449457992872,8
wPLI,R,C4,-0.20248708912960145,0.23340133618544193,-2.295318828477688,0.05537176013524921,8
wPLI,R,T8,-0.11304923147563176,0.33885456875386877,-0.8826800048511437,0.40669854860340143,8
wPLI,R,P7,-0.28818369453044373,0.2814755117155136,-2.7088054054307125,0.030251228085498138,8
wPLI,R,P3,-0.32791537667698656,0.18897833690856009,-4.590910005632914,0.002511064826216572,8
wPLI,R,Pz,-0.2815414501544799,0.24878512625271396,-2.9941044791744877,0.020109172622083497,8
wPLI,R,P4,-0.3748710010319917,0.18570529423388007,-5.340803268706923,0.0010748181986010917,8
wPLI,R,P8,-0.2324561403508772,0.2059707580653963,-2.985963366232195,0.020342289394184043,8
wPLI,R,O1,-0.42672858617131065,0.41922084543934146,-2.6931335323945524,0.030945035640690954,8
wPLI,R,O2,-0.33488132094943235,0.29851821737421497,-2.968035591751907,0.020865797848861375,8
Coh,L,FP1,-0.7706398348813209,0.2237743577297997,-9.11150577832419,3.937116714935337e-05,8
Coh,L,FP2,-0.8323013415892673,0.09263096039410189,-23.772422917152806,5.924146976025057e-08,8
Coh,L,F7,-0.8235294117647058,0.061574546502275715,-35.38562839104619,3.736405461036978e-09,8
Coh,L,F3,-0.7463880288957688,0.23121322474221462,-8.540848423422153,5.9888737015547855e-05,8
Coh,L,Fz,-0.8266910398203728,0.21457578002364888,-10.193223588463912,1.8855724441359252e-05,8
Coh,L,F4,-0.7827657378740971,0.1970773263618959,-10.508583181374304,1.5412484810758065e-05,8
Coh,L,F8,-0.8472652218782251,0.03907966197886788,-57.3611172178487,1.284045698914657e-10,8
Coh,L,T7,-0.8262283831847601,0.11251567197141822,-19.42835864327552,2.387209339289273e-07,8
Coh,L,C3,-0.8219888292096161,0.11623603081861734,-18.710016225136442,3.0938517473075063e-07,8
Coh,L,Cz,-0.8576067593559004,0.04007175109643529,-56.62378473262116,1.405517447613066e-10,8
Coh,L,C4,-0.8530610167998363,0.08963327945720424,-25.180237934882957,3.976670446255646e-08,8
Coh,L,T8,-0.8664093100292418,0.0776257740710183,-29.530186273327857,1.3155532295823721e-08,8
Coh,L,P7,-0.8464912280701754,0.05330452143923681,-42.01529656399458,1.1286928966722659e-09,8
Coh,L,P3,-0.9153766769865841,0.043084882858922806,-56.21134102152119,1.4791680690294477e-10,8
Coh,L,Pz,-0.9477786558919405,0.03192426484836806,-78.54798327653027,1.4265855822266818e-11,8
Coh,L,P4,-0.9089267285861713,0.0862280669332887,-27.88876254965808,1.9573280676803484e-08,8
Coh,L,P8,-0.8769349845201238,0.059854965123213554,-38.762897618207774,1.9796176803467692e-09,8
Coh,L,O1,-0.8913828689370485,0.05286314121988929,-44.61288791638046,7.426924361377195e-10,8
Coh,L,O2,-0.8955108359133127,0.07463903029840321,-31.743431803948315,7.958727854312533e-09,8
Coh,R,FP1,-0.7703818369453044,0.18659298292998924,-10.923448047792588,1.1917518582699096e-05,8
Coh,R,FP2,-0.8475232198142415,0.09220854895719718,-24.318088673340856,5.062532532404992e-08,8
Coh,R,F7,-0.8015995872033024,0.055087845928784275,-38.49911215504259,2.0761264760548733e-09,8
Coh,R,F3,-0.7298761609907121,0.21746012271332413,-8.880114596466411,4.6540876676925185e-05,8
Coh,R,Fz,-0.8193075567006985,0.21517311938432812,-10.074139597494167,2.03769414433124e-05,8
Coh,R,F4,-0.7938596491228069,0.2090042856128597,-10.049340382227603,2.0710974308667697e-05,8
Coh,R,F8,-0.8756449948400413,0.02366278532053271,-97.90643247373342,3.055697045811229e-12,8
Coh,R,T7,-0.82441959548115,0.11565154573943759,-18.860182210844343,2.92831513365236e-07,8
Coh,R,C3,-0.8094304867252355,0.12361260156066368,-17.324704313564354,5.247562981662274e-07,8
Coh,R,Cz,-0.8589249375903852,0.035224721745213086,-64.51439974950712,5.6481737291052865e-11,8
Coh,R,C4,-0.8630300103183652,0.08468675499381277,-26.962454535596798,2.4746293069535697e-08,8
Coh,R,T8,-0.8644713232039454,0.07617786632413304,-30.02415592755984,1.1722690838866657e-08,8
Coh,R,P7,-0.8428792569659442,0.04972270200108059,-44.84971269538673,7.157536739921994e-10,8
Coh,R,P3,-0.9040247678018576,0.04599025790538124,-52.00720377710175,2.545882161241729e-10,8
Coh,R,Pz,-0.9493298484547752,0.03215374366516005,-78.11503124917594,1.4828041975874107e-11,8
Coh,R,P4,-0.913828689370485,0.08443275630522999,-28.63537279595638,1.6291795627033433e-08,8
Coh,R,P8,-0.881578947368421,0.06305239422952051,-36.99207118632962,2.742333665219743e-09,8
Coh,R,O1,-0.8862229102167183,0.052270534648924886,-44.857498442472625,7.148871893622295e-10,8
Coh,R,O2,-0.8942208462332301,0.0765954116766212,-30.888090089409133,9.624097868725903e-09,8
imCoh,L,FP1,0.45330237358101133,0.19981353019827053,6.002222912635535,0.0005410577840123544,8
imCoh,L,FP2,0.47703818369453044,0.2440697292325779,5.171163191380349,0.0012934251586968338,8
imCoh,L,F7,0.1906604747162023,0.26116209843958643,1.9315214725358762,0.09470995754052934,8
imCoh,L,F3,0.36455108359133126,0.2378834709340824,4.054554541240272,0.004842821841850248,8
imCoh,L,Fz,0.4812217506945605,0.24768241103314234,5.140425888548725,0.0013381068589072402,8
imCoh,L,F4,0.29024767801857587,0.23611519490762914,3.25232425194626,0.014012196383408082,8
imCoh,L,F8,0.1697626418988648,0.4515842462062265,0.9946089487111901,0.3530564747647156,8
imCoh,L,T7,0.32622778225825166,0.36596670086246724,2.3584593368231843,0.05045552288531248,8
imCoh,L,C3,0.0682293452501918,0.12793840654018782,1.4109748943298706,0.20111451082238735,8
imCoh,L,Cz,0.25783566266525376,0.11268195886318119,6.053933117759291,0.0005139526822558256,8
imCoh,L,C4,-0.004660828138533038,0.20913990627292334,-0.058962406448046824,0.9546299968554506,8
imCoh,L,T8,0.17700279671041774,0.39796844547030263,1.176739982249756,0.27775903535942237,8
imCoh,L,P7,0.17827657378740971,0.3233766137468173,1.4585948976490721,0.18803887058302576,8
imCoh,L,P3,0.2198142414860681,0.3047732140701722,1.9082182775699223,0.09801412652984634,8
imCoh,L,Pz,0.25129319517920523,0.28937907355703746,2.2975375946662795,0.055191001279775234,8
imCoh,L,P4,0.16099071207430338,0.2933653224617613,1.4519145751977198,0.1898258426723404,8
imCoh,L,P8,0.1269349845201238,0.2997274296452314,1.1204793705787686,0.2994741401229134,8
imCoh,L,O1,0.1478328173374613,0.578906379330039,0.6756340649443332,0.5209603298501163,8
imCoh,L,O2,0.18188854489164086,0.37824283652773855,1.2722828025836206,0.24390338428817132,8
imCoh,R,FP1,0.5038699690402477,0.2117719918098367,6.295046950266196,0.000406097430277337,8
imCoh,R,FP2,0.5784313725490196,0.19018840693271216,8.046681640400422,8.782342265875217e-05,8
imCoh,R,F7,0.28431372549019607,0.17299564828681505,4.348221584870211,0.003362143699270764,8
imCoh,R,F3,0.3777089783281734,0.2500893115056649,3.9958685902895765,0.005217285511335207,8
imCoh,R,Fz,0.5060924306766212,0.21555457276828555,6.21185945993321,0.0004401442233207789,8
imCoh,R,F4,0.3562951496388029,0.1787058047118837,5.27497336084087,0.0011543517471594236,8
imCoh,R,F8,0.26393188854489164,0.40211533808812794,1.736561812015141,0.12603900634676168,8
imCoh,R,T7,0.30490992717998966,0.34569938178862836,2.3335761707734797,0.052337590783181474,8
imCoh,R,C3,0.09088614870139403,0.22208207715054726,1.0827625091119697,0.3147953542854572,8
imCoh,R,Cz,0.16503591495751418,0.20438752035862165,2.136353470140666,0.07001027864376567,8
imCoh,R,C4,0.050492304834107785,0.24871650450150593,0.5371178803805712,0.6078281737014996,8
imCoh,R,T8,0.18746792556701905,0.28905787954825657,1.7158968668373438,0.12989042436961942,8
imCoh,R,P7,0.0696594427244582,0.31715702119982264,0.581105098096334,0.5793908194607906,8
imCoh,R,P3,0.18034055727554177,0.3171783226706193,1.5043154961928973,0.1762117578225367,8
imCoh,R,Pz,0.30868732000408544,0.33245618937778254,2.4565940045765413,0.043682880668825384,8
imCoh,R,P4,0.23890608875129,0.18357201303820728,3.443259607353553,0.010789409427949951,8
imCoh,R,P8,0.08617131062951497,0.27906314280322503,0.8169758850417367,0.4408567277570907,8
imCoh,R,O1,0.17982456140350878,0.5009519422203734,0.9497339544910922,0.3738766000207406,8
imCoh,R,O2,0.27502579979360164,0.43013355230927275,1.691683586351147,0.1345451453501081,8
MSC,L,FP1,-0.78328173374613,0.22238643886978304,-9.318772693712818,3.3996601600074876e-05,8
MSC,L,FP2,-0.8402992776057792,0.09197436446597011,-24.172201986072935,5.2779951873329834e-08,8
MSC,L,F7,-0.8284313725490196,0.05892697709504279,-37.19558508004635,2.6394663107644225e-09,8
MSC,L,F3,-0.7659958720330237,0.20038170035264408,-10.113870573684325,1.9854443053327512e-05,8
MSC,L,Fz,-0.8379605666872441,0.19480099008735147,-11.381026692621296,9.064690671047462e-06,8
MSC,L,F4,-0.81656346749226,0.1277105419424559,-16.9165664151558,6.179157720059836e-07,8
MSC,L,F8,-0.8599071207430341,0.036913545510494056,-61.63321243289614,7.772916330032783e-11,8
MSC,L,T7,-0.833592733120887,0.11264148198650613,-19.579634675018813,2.2630286906706647e-07,8
MSC,L,C3,-0.8276853969344897,0.1132601927402841,-19.334681242419975,2.46799993745117e-07,8
MSC,L,Cz,-0.8576067593559004,0.04202239743132161,-53.995353588572435,1.9590262383638932e-10,8
MSC,L,C4,-0.85875758452471,0.08716909748564798,-26.06495960930417,3.129854692666307e-08,8
MSC,L,T8,-0.8664093100292418,0.07928869150665263,-28.910851274876954,1.5243323013562715e-08,8
MSC,L,P7,-0.8454592363261094,0.05647208848845105,-39.610273726974505,1.7025713019989651e-09,8
MSC,L,P3,-0.9161506707946336,0.04358790948628703,-55.609614385158324,1.5946705581612142e-10,8
MSC,L,Pz,-0.9476493898450378,0.030524035923576255,-82.1400099871955,1.0434961392816732e-11,8
MSC,L,P4,-0.9097007223942208,0.0867226204545982,-27.75333432424319,2.0246233632149112e-08,8
MSC,L,P8,-0.881062951496388,0.05680584939353579,-41.035799727294815,1.330545453148046e-09,8
MSC,L,O1,-0.8903508771929824,0.04928165793614922,-47.79967028895188,4.588466795792516e-10,8
MSC,L,O2,-0.8949948400412797,0.07371656156895152,-32.122140819337986,7.3283797553254796e-09,8
MSC,R,FP1,-0.7647058823529411,0.20944856571952333,-9.65975385825002,2.6865993960457873e-05,8
MSC,R,FP2,-0.837719298245614,0.09590828196268826,-23.1095468116059,7.205068049243362e-08,8
MSC,R,F7,-0.8023735810113519,0.05820241307238902,-36.4741054856961,3.0254611935365348e-09,8
MSC,R,F3,-0.7564499484004128,0.19563253846972606,-10.230294297616782,1.840878332511694e-05,8
MSC,R,Fz,-0.8242298787804815,0.20238222506284043,-10.775191752758671,1.305129657907605e-05,8
MSC,R,F4,-0.8204334365325077,0.1486856229497444,-14.599009623686289,1.6897949416748113e-06,8
MSC,R,F8,-0.8774509803921569,0.02011556814501629,-115.40897403599432,9.66914835377867e-13,8
MSC,R,T7,-0.820285223587184,0.11904498495569915,-18.23067730707293,3.698179286351865e-07,8
MSC,R,C3,-0.8149975870018166,0.1206308042754517,-17.87504400120572,4.234066913467467e-07,8
MSC,R,Cz,-0.8557613098276213,0.03733959442140141,-60.63621318117693,8.711255018382555e-11,8
MSC,R,C4,-0.8612174660422691,0.08755063286617701,-26.025708384951322,3.1627440806406194e-08,8
MSC,R,T8,-0.8664093100292418,0.07274862844480012,-31.509921450516114,8.378202774331609e-09,8
MSC,R,P7,-0.8392672858617132,0.0632505500500245,-35.106295836891114,3.9484560622804365e-09,8
MSC,R,P3,-0.9045407636738907,0.0485337938284548,-49.309763828898596,3.692839029651872e-10,8
MSC,R,Pz,-0.9463567293760089,0.03590688766708133,-69.73103825361133,3.279808853776128e-11,8
MSC,R,P4,-0.9143446852425181,0.08469251368563192,-28.563665718139358,1.6578061548918928e-08,8
MSC,R,P8,-0.8831269349845201,0.05938157526565483,-39.347798296337125,1.7833509650638653e-09,8
MSC,R,O1,-0.8844169246646028,0.050398825374921685,-46.428606630253675,5.622054085822343e-10,8
MSC,R,O2,-0.8942208462332301,0.07732194268571005,-30.59785998806905,1.0277144330510373e-08,8
CMI,L,FP1,-0.773219814241486,0.2236458199957112,-9.14726390732347,3.8378884141837363e-05,8
CMI,L,FP2,-0.8392672858617131,0.09649226281570755,-23.012130269379313,7.418771181485886e-08,8
CMI,L,F7,-0.8230134158926727,0.06695829335567235,-32.520076528164985,6.7266669419820855e-09,8
CMI,L,F3,-0.7652218782249742,0.21234656441793318,-9.534351512202063,2.9270438931705716e-05,8
CMI,L,Fz,-0.829540805234984,0.21915449284238997,-10.014664288039244,2.118850894736286e-05,8
CMI,L,F4,-0.8008255933952528,0.16460187440558835,-12.872182478546762,3.965317815830981e-06,8
CMI,L,F8,-0.8433952528379773,0.03478956520137886,-64.14032722240776,5.882472901195768e-11,8
CMI,L,T7,-0.8272619761582516,0.12056756538391351,-18.153551090172424,3.807492422372481e-07,8
CMI,L,C3,-0.8217298943130309,0.11237051081685803,-19.347539932100297,2.456727639630555e-07,8
CMI,L,Cz,-0.8515431394772697,0.043642649819214584,-51.62315732506522,2.681135712578737e-10,8
CMI,L,C4,-0.8629005428700727,0.08580937999935398,-26.605718892666857,2.714271265057366e-08,8
CMI,L,T8,-0.8481922338714544,0.10109672351667133,-22.19761073097627,9.51851177163954e-08,8
CMI,L,P7,-0.849329205366357,0.05708696258385689,-39.36299562833857,1.7785561381294626e-09,8
CMI,L,P3,-0.9187306501547987,0.044242696902596954,-54.940882729497524,1.735305694290734e-10,8
CMI,L,Pz,-0.949717646595484,0.030220344939298045,-83.1465264102159,9.582945794017151e-12,8
CMI,L,P4,-0.9084107327141383,0.08572328423378531,-28.037060275349738,1.886549444844881e-08,8
CMI,L,P8,-0.881062951496388,0.05570784251774512,-41.84461924386083,1.1611995434765594e-09,8
CMI,L,O1,-0.8991228070175439,0.04361844071931395,-54.537835517384764,1.826895729608294e-10,8
CMI,L,O2,-0.8968008255933952,0.073670044572032,-32.20728280892484,7.194635733998183e-09,8
CMI,R,FP1,-0.7515479876160991,0.2215249966294395,-8.976003177146644,4.340409400488646e-05,8
CMI,R,FP2,-0.8392672858617132,0.1121763039631094,-19.794666462112044,2.098981749426178e-07,8
CMI,R,F7,-0.792827657378741,0.0691198571961755,-30.34764391952674,1.088100284135138e-08,8
CMI,R,F3,-0.7422600619195047,0.20518071560282847,-9.571248088323472,2.8538558908211037e-05,8
CMI,R,Fz,-0.8264319702372264,0.21815751049018428,-10.022728366526783,2.1076351601413602e-05,8
CMI,R,F4,-0.8160474716202271,0.16419192158714993,-13.149603507040831,3.4335632117869746e-06,8
CMI,R,F8,-0.8630030959752322,0.02465871876482041,-92.5957100369201,4.513739334399123e-12,8
CMI,R,T7,-0.8184764358835741,0.13194861572467423,-16.411578790890616,7.604083140460571e-07,8
CMI,R,C3,-0.8138323799671834,0.12523538252454142,-17.193208843060354,5.52900456460555e-07,8
CMI,R,Cz,-0.8465340621862268,0.047348110790438686,-47.30323063581081,4.935364174351861e-10,8
CMI,R,C4,-0.8652309569393392,0.08290598448424362,-27.61182986894016,2.0977756253139445e-08,8
CMI,R,T8,-0.8447038575859206,0.10968845643114995,-20.374763319530075,1.7200070596447387e-07,8
CMI,R,P7,-0.8335913312693498,0.06699158727592984,-32.92167639667779,6.175935121695686e-09,8
CMI,R,P3,-0.903250773993808,0.051116807539052844,-46.75129442871511,5.356723881307483e-10,8
CMI,R,Pz,-0.9502347107830954,0.03020928433139195,-83.22225393671269,9.522127122430708e-12,8
CMI,R,P4,-0.9097007223942208,0.08214388501697872,-29.30031710155215,1.3889799747486799e-08,8
CMI,R,P8,-0.8836429308565531,0.05532416686755509,-42.258195201087545,1.0842074573345143e-09,8
CMI,R,O1,-0.8949948400412797,0.04929246205958314,-48.03845603356102,4.43158969342204e-10,8
CMI,R,O2,-0.899638802889577,0.07901268401676202,-30.124537241700697,1.1453798832133735e-08,8
CFC,L,FP1,-0.08642930856553148,0.470501025608224,-0.4860147885035003,0.6418011721374575,8
CFC,L,FP2,0.17440660474716202,0.506746828443943,0.9105858729990501,0.3927890600196713,8
CFC,L,F7,-0.14164086687306504,0.38566048917963375,-0.971700549431152,0.3635707524099709,8
CFC,L,F3,-0.1865325077399381,0.3568206594076691,-1.383099924002046,0.20914011588005213,8
CFC,L,Fz,-0.04987089475569473,0.6464563131754627,-0.20410657687866135,0.8440774624684539,8
CFC,L,F4,0.017801857585139302,0.5004441103570408,0.09411498121471455,0.9276551058756781,8
CFC,L,F8,0.06707946336429307,0.367480363418615,0.48295254878535204,0.6438676194024915,8
CFC,L,T7,-0.08385022997449716,0.21663418182288027,-1.0240621033179098,0.33988662498329686,8
CFC,L,C3,-0.013723549519013917,0.21236055822012703,-0.17097854439972748,0.8690779512665134,8
CFC,L,Cz,0.08304522877255108,0.3282846079953495,0.6692882259827071,0.5247641768704362,8
CFC,L,C4,0.05851928662824799,0.2827867825961618,0.5475060676380888,0.6010435722934815,8
CFC,L,T8,0.02635662082403302,0.41283888754746645,0.1689110842117557,0.8706438565523621,8
CFC,L,P7,0.012899896800825622,0.39708723749010333,0.0859506819939861,0.9339124230231568,8
CFC,L,P3,0.002321981424148606,0.4851172862065794,0.012663711584568721,0.9902494564529778,8
CFC,L,Pz,-0.010082751658424899,0.48411451369567565,-0.055103601864301306,0.9575956920632908,8
CFC,L,P4,0.07352941176470587,0.3252877225159125,0.5980568097486745,0.5686385424469427,8
CFC,L,P8,-0.001289989680082565,0.43046234662143357,-0.00792866533885196,0.9938951363558638,8
CFC,L,O1,-0.059081527347781215,0.4601415430002118,-0.33971074948131486,0.7440393781437586,8
CFC,L,O2,0.0036119711042311986,0.4512810927049481,0.02117610828157421,0.9836961512740716,8
CFC,R,FP1,-0.1486068111455108,0.4538898669442114,-0.866238032737773,0.4150609910540035,8
CFC,R,FP2,-0.23400412796697626,0.46886559114403953,-1.3204567365510849,0.2282168254695026,8
CFC,R,F7,0.15608875128998967,0.24993689037198033,1.6523051789325696,0.14245294885529985,8
CFC,R,F3,0.04669762641898867,0.35291920447120834,0.3500809951863165,0.7365749606202766,8
CFC,R,Fz,-0.2050535750604278,0.4142270483599156,-1.309718346985444,0.23163556254901005,8
CFC,R,F4,-0.3235294117647059,0.391000617429807,-2.189199523446003,0.06475524935135217,8
CFC,R,F8,-0.3526831785345717,0.41278113683261297,-2.2605489900975217,0.05828417210451575,8
CFC,R,T7,0.018217076157787518,0.326430497936281,0.14765119507196908,0.886781007253606,8
CFC,R,C3,-0.01786650786437661,0.29987735439338475,-0.1576322316899932,0.8791972896673632,8
CFC,R,Cz,0.11547241334088053,0.378221883403982,0.807756775570037,0.44580736077506966,8
CFC,R,C4,-0.19044661643839111,0.35201832546934764,-1.4313868019736486,0.1954130498272719,8
CFC,R,T8,-0.2289408436283651,0.41153487783098147,-1.4718571130069598,0.184536196210585,8
CFC,R,P7,0.17853457172342618,0.5055537857098478,0.9343379291371983,0.38123087651167176,8
CFC,R,P3,0.0565015479876161,0.4592194399789698,0.3255285635822824,0.7542954063923009,8
CFC,R,Pz,0.15731677908080904,0.42227953102890475,0.985652971365593,0.3571386982414105,8
CFC,R,P4,0.0521155830753354,0.43754594027661803,0.31513233138740343,0.7618476338788307,8
CFC,R,P8,-0.184984520123839,0.36458303522635266,-1.3424185695871482,0.2213617593901039,8
CFC,R,O1,-0.0848813209494324,0.5950897307874944,-0.37737983797783,0.7170726174273482,8
CFC,R,O2,-0.14963880288957687,0.3939803349990911,-1.0048904063502238,0.3484147737322691,8
