subject,metric,feature_type,i_idx,j_idx,i_label,j_label,cv,kl
1,PLV,edges,3,5.0,F3,F4,0.11618983508422386,0.6663562643984168
1,PLV,edges,3,8.0,F3,C3,0.0671007578868241,0.5422293378608821
1,PLV,edges,3,10.0,F3,C4,0.1268807074692861,0.45239634439085297
1,PLV,edges,3,13.0,F3,P3,0.14850348619562054,0.6260584951811217
1,PLV,edges,3,14.0,F3,Pz,0.14822704037959472,0.43625081384249337
1,PLV,edges,4,5.0,Fz,F4,0.053487675191440265,0.46935889936774494
1,PLV,edges,4,14.0,Fz,Pz,0.13658185890056873,0.6085093422705323
1,PLV,edges,5,11.0,F4,T8,0.14893315911317345,0.7905002062864394
1,PLV,edges,8,13.0,C3,P3,0.06799113246358551,0.5842675631439764
1,PLV,edges,9,14.0,Cz,Pz,0.05989059250216673,0.5057786477768642
1,PLV,edges,9,15.0,Cz,P4,0.07121784252377489,0.4710821220678656
1,PLV,edges,9,16.0,Cz,P8,0.14287987817994008,0.6016238001529893
1,PLV,edges,10,15.0,C4,P4,0.05894021234368967,0.9177170236441896
1,PLV,edges,10,18.0,C4,O2,0.14617727777805684,0.48971842367269225
1,PLV,edges,11,16.0,T8,P8,0.14436140447326082,0.7845172335636443
1,PLV,edges,12,13.0,P7,P3,0.06358222039465253,0.5191094886771879
1,PLV,edges,12,14.0,P7,Pz,0.11588147851377967,0.5914478046326308
1,PLV,edges,13,15.0,P3,P4,0.07591737256193372,0.527780209122805
1,PLV,edges,13,16.0,P3,P8,0.14696101756350488,0.7429309040351159
1,PLV,edges,13,18.0,P3,O2,0.09959144580359566,0.5288145081974143
1,PLV,edges,14,15.0,Pz,P4,0.02621973330486016,0.7933724655344517
1,PLV,edges,14,16.0,Pz,P8,0.08666939993482739,0.6313645143390804
1,PLV,edges,14,17.0,Pz,O1,0.06903349615072527,0.629885010372072
1,PLV,edges,15,18.0,P4,O2,0.057323652013660506,0.9586723970975815
1,PLV,edges,16,17.0,P8,O1,0.14733494989629542,0.5495839388351547
1,PLV,ns,4,,Fz,,0.14019930782221324,0.5889062225720385
2,PLV,edges,3,4.0,F3,Fz,0.17523185382990902,0.7891258932302534
2,PLV,edges,3,8.0,F3,C3,0.14522350333749995,0.8459156200671846
2,PLV,edges,4,5.0,Fz,F4,0.08519520984519822,0.9511949675886882
2,PLV,edges,4,8.0,Fz,C3,0.1146914799120555,0.64578004487357
2,PLV,edges,4,9.0,Fz,Cz,0.07241824661799404,0.6810977230573659
2,PLV,edges,5,8.0,F4,C3,0.1676771475721225,0.8673199970676044
2,PLV,edges,5,9.0,F4,Cz,0.11161295814624268,0.9319882465350885
2,PLV,edges,5,10.0,F4,C4,0.10030222573871878,0.7261712110945447
2,PLV,edges,10,11.0,C4,T8,0.1119074684380838,0.7083985480640071
2,PLV,edges,10,15.0,C4,P4,0.06666147725919584,0.6592865710424481
2,PLV,edges,13,14.0,P3,Pz,0.04910056918553269,1.0584720074486613
2,PLV,edges,14,16.0,Pz,P8,0.10774419423172892,0.6806760415512682
2,PLV,edges,14,18.0,Pz,O2,0.08210519276922736,0.6373077574279443
2,PLV,ns,13,,P3,,0.1450570305657855,0.9911907542506861
2,PLV,ns,15,,P4,,0.14130137655621305,0.8922484527435176
5,PLV,edges,3,5.0,F3,F4,0.08683035570642388,0.6462812319078503
5,PLV,edges,4,5.0,Fz,F4,0.0413454823345194,0.6233093881949732
5,PLV,edges,4,14.0,Fz,Pz,0.10850510446603287,0.7764373290056306
5,PLV,edges,5,6.0,F4,F8,0.10529296057206436,0.7012081194808766
5,PLV,edges,8,10.0,C3,C4,0.10676055977755437,0.6575358716133003
5,PLV,edges,8,13.0,C3,P3,0.047564184739929044,0.9770099204992514
5,PLV,edges,8,14.0,C3,Pz,0.06611552877588628,1.0783267227011457
5,PLV,edges,10,14.0,C4,Pz,0.06884077411235687,0.7244165440443363
5,PLV,edges,10,16.0,C4,P8,0.09083188516617756,1.173484638334501
5,PLV,edges,13,14.0,P3,Pz,0.03029774796385821,1.2572892657558836
5,PLV,edges,13,15.0,P3,P4,0.06959290448166391,0.820596097595752
5,PLV,edges,14,15.0,Pz,P4,0.02897418738603729,0.8197577119276795
5,PLV,edges,14,16.0,Pz,P8,0.09990477545508816,0.7096796106361027
5,PLV,ns,4,,Fz,,0.09938359951614037,0.6421232755595645
9,PLV,edges,1,3.0,FP2,F3,0.1697904148068743,0.623313645917162
9,PLV,edges,3,4.0,F3,Fz,0.04141008380813235,0.7703732231827372
9,PLV,edges,4,8.0,Fz,C3,0.09545668782336499,0.7891067812155224
9,PLV,edges,5,8.0,F4,C3,0.1425949109961549,1.1673025459921664
9,PLV,edges,5,9.0,F4,Cz,0.09621229767137471,0.8070039365176228
9,PLV,edges,5,10.0,F4,C4,0.0953471544082344,0.804094047408928
9,PLV,edges,7,8.0,T7,C3,0.07142262797755686,0.6123904968575282
9,PLV,edges,7,9.0,T7,Cz,0.16808944539605436,0.6126307539956983
9,PLV,edges,7,12.0,T7,P7,0.10526537197419669,1.041534798118379
9,PLV,edges,8,9.0,C3,Cz,0.05777312732221365,0.8255132015425404
9,PLV,edges,8,13.0,C3,P3,0.06322472182898234,0.9007152478623432
9,PLV,edges,9,10.0,Cz,C4,0.06591101058107776,0.5976599690345509
9,PLV,edges,9,14.0,Cz,Pz,0.06267260956714357,0.7473966479668246
9,PLV,edges,9,15.0,Cz,P4,0.10365258406464319,0.6108521788762574
9,PLV,edges,9,17.0,Cz,O1,0.17571037700840242,0.8414981947477496
9,PLV,edges,10,13.0,C4,P3,0.160922178269075,0.6705191522072055
9,PLV,edges,10,14.0,C4,Pz,0.0935012825464864,1.582271525499312
9,PLV,edges,10,15.0,C4,P4,0.07349872749434952,1.400165662962939
9,PLV,edges,14,18.0,Pz,O2,0.07464233626594265,0.9893715063998028
9,PLV,edges,17,18.0,O1,O2,0.07929429175753172,0.779074174154442
9,PLV,ns,13,,P3,,0.11178953440219513,0.6761507506411972
21,PLV,edges,0,2.0,FP1,F7,0.11052951047066187,0.8701085682162968
21,PLV,edges,0,6.0,FP1,F8,0.11452196248354418,1.0400097517072668
21,PLV,edges,1,3.0,FP2,F3,0.07430571704714109,0.8218185948640853
21,PLV,edges,2,4.0,F7,Fz,0.11426412785484452,0.7397592173347051
21,PLV,edges,3,4.0,F3,Fz,0.029852146305546036,1.1126213186839329
21,PLV,edges,3,6.0,F3,F8,0.10442191148531138,0.7572775454886811
21,PLV,edges,4,6.0,Fz,F8,0.07704423409180283,1.132631817406212
21,PLV,edges,5,9.0,F4,Cz,0.06239354693597893,1.186161922948992
21,PLV,edges,9,10.0,Cz,C4,0.05862402331053586,1.6364393392532428
21,PLV,edges,9,13.0,Cz,P3,0.10450366771198288,0.7735307664262703
21,PLV,edges,9,14.0,Cz,Pz,0.06579814029321646,0.8265516532756558
21,PLV,edges,10,15.0,C4,P4,0.06648224751522204,0.9297381224006604
21,PLV,edges,12,13.0,P7,P3,0.054789431324712354,0.7564852017795473
21,PLV,edges,14,15.0,Pz,P4,0.04484594506416713,0.6857960623249576
21,PLV,edges,15,16.0,P4,P8,0.050172576082654144,1.0689227841052173
21,PLV,edges,15,18.0,P4,O2,0.06278749198683996,1.437508438369268
21,PLV,ns,8,,C3,,0.09512542561108941,0.8665103926584776
21,PLV,ns,10,,C4,,0.09592962623631997,0.9054303350581059
31,PLV,edges,3,4.0,F3,Fz,0.046986521363995996,1.6369892200017535
31,PLV,edges,3,8.0,F3,C3,0.119161650599824,1.9127097451556112
31,PLV,edges,5,9.0,F4,Cz,0.07866215001750186,1.2049201097335713
31,PLV,edges,5,11.0,F4,T8,0.12738090114385908,0.7656228525949373
31,PLV,edges,7,8.0,T7,C3,0.0768649350848025,0.7834967645168665
31,PLV,edges,8,9.0,C3,Cz,0.06795206728506997,0.8270526550402164
31,PLV,edges,9,13.0,Cz,P3,0.09806025690235326,1.0137625584880405
31,PLV,edges,9,14.0,Cz,Pz,0.07385161710514068,0.8073296357880968
31,PLV,edges,10,15.0,C4,P4,0.060309362767660704,1.0339046135275838
31,PLV,edges,11,15.0,T8,P4,0.09556144420332907,0.7068039456018298
31,PLV,edges,13,14.0,P3,Pz,0.057914210164381474,1.269232125820862
31,PLV,ns,5,,F4,,0.11606989388799313,0.6799784319839248
31,PLV,ns,8,,C3,,0.12067275319491785,0.9440586732851853
34,PLV,edges,1,3.0,FP2,F3,0.14518454822951876,0.7354284760049635
34,PLV,edges,3,4.0,F3,Fz,0.035621903903116335,0.9456082944071326
34,PLV,edges,4,10.0,Fz,C4,0.1388248069335037,0.7939958797801423
34,PLV,edges,5,11.0,F4,T8,0.14702052655733377,0.9126305370926462
34,PLV,edges,6,10.0,F8,C4,0.1556202402240608,1.0866093807931032
34,PLV,edges,8,9.0,C3,Cz,0.07139953544818714,1.0061963650071764
34,PLV,edges,8,12.0,C3,P7,0.1237845692269579,1.4077292141692026
34,PLV,edges,8,13.0,C3,P3,0.06104386478233631,0.72574692356889
34,PLV,edges,8,14.0,C3,Pz,0.08511537161431237,0.9652860642819869
34,PLV,edges,9,10.0,Cz,C4,0.06822542202322478,0.8892897713164408
34,PLV,edges,9,13.0,Cz,P3,0.10368778469836795,1.0007818547584977
34,PLV,edges,9,15.0,Cz,P4,0.09138082480423972,0.7133756154483422
34,PLV,edges,10,15.0,C4,P4,0.05534118452524589,1.0421057893452323
34,PLV,edges,13,14.0,P3,Pz,0.05169635334301549,1.2475428389557388
34,PLV,edges,14,15.0,Pz,P4,0.043764229680772454,0.7660719987143731
34,PLV,edges,15,16.0,P4,P8,0.04778129649584257,0.9415286384125534
34,PLV,edges,15,17.0,P4,O1,0.1250851712361629,0.7648352491993426
34,PLV,edges,15,18.0,P4,O2,0.059340219334139535,1.3366097999274928
34,PLV,ns,15,,P4,,0.09350154152141996,1.2219211351365997
39,PLV,edges,0,1.0,FP1,FP2,0.08429206258745646,1.1291633709943938
39,PLV,edges,0,4.0,FP1,Fz,0.06239675024962668,1.098690041979149
39,PLV,edges,4,6.0,Fz,F8,0.08745146652651764,1.3464446423328835
39,PLV,edges,5,6.0,F4,F8,0.051323250462896625,1.2614667592448014
39,PLV,edges,5,9.0,F4,Cz,0.1127649448972238,1.5984738687583309
39,PLV,edges,5,10.0,F4,C4,0.11823731812974797,4.180780636638467
39,PLV,edges,8,9.0,C3,Cz,0.09927868389071436,1.24178578923976
39,PLV,edges,8,13.0,C3,P3,0.04942695028924246,1.3527324771754996
39,PLV,edges,8,14.0,C3,Pz,0.09470785659573677,1.08890552626278
39,PLV,edges,9,10.0,Cz,C4,0.07868268280011761,2.3902306900773063
39,PLV,edges,10,14.0,C4,Pz,0.09634737615475669,2.009345257748695
39,PLV,edges,14,15.0,Pz,P4,0.04740644207080273,1.2532836550665158
39,PLV,ns,4,,Fz,,0.08729774051732232,1.3914453525487052
39,PLV,ns,5,,F4,,0.09815870080253303,1.7743221887142049
1,ImagPLV,edges,1,11.0,FP2,T8,2.4491474819746974,0.9645143394398341
1,ImagPLV,edges,1,16.0,FP2,P8,1.879302369763543,0.7434494487111638
1,ImagPLV,edges,3,11.0,F3,T8,2.185545699875414,0.8324311748687114
1,ImagPLV,edges,4,17.0,Fz,O1,2.068177167251625,1.1878797067422167
1,ImagPLV,edges,5,15.0,F4,P4,2.229183703031035,0.7005578384141131
1,ImagPLV,edges,5,16.0,F4,P8,1.6036550123182494,1.6534319136494666
1,ImagPLV,edges,5,18.0,F4,O2,2.141096131513486,0.8945657924433901
1,ImagPLV,edges,8,12.0,C3,P7,1.8449217402936753,0.7400444287425528
1,ImagPLV,edges,8,16.0,C3,P8,1.743487785811681,0.7322585354097353
1,ImagPLV,edges,8,17.0,C3,O1,2.3352204892655974,0.7892105492037691
1,ImagPLV,edges,8,18.0,C3,O2,2.051727429024963,1.182161981281791
1,ImagPLV,edges,9,14.0,Cz,Pz,1.951453487642958,0.7066593155793766
1,ImagPLV,edges,9,16.0,Cz,P8,1.3633542950414381,0.7893437522103375
1,ImagPLV,edges,10,16.0,C4,P8,1.6507172404224137,0.9876763461162645
1,ImagPLV,edges,13,16.0,P3,P8,1.7534951251871576,0.7085160551672128
1,ImagPLV,edges,13,17.0,P3,O1,2.479971406774903,0.7824331851183735
1,ImagPLV,ns,14,,Pz,,0.4071503649154503,0.6185839982834767
2,ImagPLV,edges,0,3.0,FP1,F3,3.5532031916258022,0.8978417813196822
2,ImagPLV,edges,0,5.0,FP1,F4,3.8548776574439856,0.6542536674069694
2,ImagPLV,edges,0,12.0,FP1,P7,4.49265384179078,0.5895195755277066
2,ImagPLV,edges,0,14.0,FP1,Pz,3.8591010419242053,0.8402140836053379
2,ImagPLV,edges,0,15.0,FP1,P4,4.184404010735505,0.5705129410214809
2,ImagPLV,edges,2,7.0,F7,T7,3.641909912844432,0.6615131831358008
2,ImagPLV,edges,2,9.0,F7,Cz,3.09326796586307,0.822955767736051
2,ImagPLV,edges,2,12.0,F7,P7,3.8722069795561733,0.5647687369537967
2,ImagPLV,edges,2,16.0,F7,P8,5.636465176641456,0.7139018544681023
2,ImagPLV,edges,2,18.0,F7,O2,5.287070112621203,0.787626604824363
2,ImagPLV,edges,6,8.0,F8,C3,6.158063562673203,0.7354957263559574
2,ImagPLV,edges,8,13.0,C3,P3,5.0533371065151345,0.7968612393845034
2,ImagPLV,edges,12,13.0,P7,P3,4.233128314551495,0.6897890357980478
2,ImagPLV,edges,13,14.0,P3,Pz,5.274470595244504,0.5715809747259738
2,ImagPLV,edges,13,18.0,P3,O2,4.427974207508809,0.7175299144010707
5,ImagPLV,edges,0,9.0,FP1,Cz,3.7654203923644527,0.8784956498129393
5,ImagPLV,edges,1,15.0,FP2,P4,4.552824700722356,0.8854862141420519
5,ImagPLV,edges,3,9.0,F3,Cz,2.4598723475606614,0.834702395083297
5,ImagPLV,edges,3,13.0,F3,P3,2.775227551842691,0.721263860686538
5,ImagPLV,edges,4,10.0,Fz,C4,1.7530431233579966,0.9372852498473258
5,ImagPLV,edges,4,13.0,Fz,P3,2.9973156025101693,0.9637766626914608
5,ImagPLV,edges,5,13.0,F4,P3,4.831593701193177,0.9578301461512233
5,ImagPLV,edges,5,14.0,F4,Pz,3.410629166530872,1.1977112062191142
5,ImagPLV,edges,5,15.0,F4,P4,2.3166853327651933,0.9201691961739096
5,ImagPLV,edges,8,11.0,C3,T8,2.6900346512947224,0.7284577457310872
5,ImagPLV,ns,0,,FP1,,0.448985200373038,0.6528262473472644
5,ImagPLV,ns,4,,Fz,,0.4566790818346997,0.6064032635549973
5,ImagPLV,ns,8,,C3,,0.4480392095782425,0.5830063929992423
9,ImagPLV,edges,0,12.0,FP1,P7,1.500577255016476,0.8617425879246808
9,ImagPLV,edges,1,13.0,FP2,P3,1.44689920990021,0.9262525654726854
9,ImagPLV,edges,3,12.0,F3,P7,1.0203453431735097,1.0217894603954245
9,ImagPLV,edges,3,13.0,F3,P3,1.0152922594878238,0.9212015622558798
9,ImagPLV,edges,3,17.0,F3,O1,1.1236866674289867,1.3220634183725346
9,ImagPLV,edges,5,12.0,F4,P7,1.1714449762698471,1.0895031082645867
9,ImagPLV,edges,5,18.0,F4,O2,1.1835770525513358,1.6460436595927632
9,ImagPLV,edges,6,18.0,F8,O2,1.3395953259171924,1.0183594450834086
9,ImagPLV,edges,8,12.0,C3,P7,1.0595662010271716,0.9181199100991717
9,ImagPLV,edges,8,13.0,C3,P3,1.4186115232949796,0.9509618730278688
9,ImagPLV,edges,8,17.0,C3,O1,1.2418685705926404,0.9164672108766374
9,ImagPLV,edges,10,12.0,C4,P7,1.3318585111227015,1.1590636356253892
9,ImagPLV,edges,10,13.0,C4,P3,1.3813288264575072,0.9158620958068067
9,ImagPLV,edges,10,14.0,C4,Pz,1.3601565701499916,0.8981674580039141
9,ImagPLV,edges,10,15.0,C4,P4,1.056383188363965,0.9465419195114506
9,ImagPLV,edges,10,18.0,C4,O2,1.006288944440859,0.8413130647387619
9,ImagPLV,edges,11,17.0,T8,O1,1.4303982440372527,0.840426980028451
9,ImagPLV,edges,14,17.0,Pz,O1,0.9821389057907421,1.0828622125286618
9,ImagPLV,edges,16,18.0,P8,O2,1.5154151915043839,0.9662140425279294
9,ImagPLV,ns,3,,F3,,0.34322757054095077,1.2084446167314737
21,ImagPLV,edges,0,9.0,FP1,Cz,1.3543841912285877,0.840221759842429
21,ImagPLV,edges,0,15.0,FP1,P4,1.2341628934461353,0.881084558384692
21,ImagPLV,edges,1,14.0,FP2,Pz,1.3803846793044077,0.944047053153124
21,ImagPLV,edges,1,15.0,FP2,P4,1.3200524385274466,1.1006477885990584
21,ImagPLV,edges,3,9.0,F3,Cz,1.0082112129727694,0.7169529252388449
21,ImagPLV,edges,3,10.0,F3,C4,1.3740689840835523,0.7750983526418374
21,ImagPLV,edges,3,13.0,F3,P3,1.120372844035717,1.0488394226722455
21,ImagPLV,edges,5,13.0,F4,P3,1.2759591444380418,0.7074406924720937
21,ImagPLV,edges,5,14.0,F4,Pz,1.1812519934301324,0.8982786801112284
21,ImagPLV,edges,6,7.0,F8,T7,1.4086917560824412,0.8923144691861798
21,ImagPLV,edges,6,10.0,F8,C4,1.3316265095062436,0.6729724879164385
21,ImagPLV,edges,6,15.0,F8,P4,1.206655952375284,0.7069202531703217
21,ImagPLV,edges,7,10.0,T7,C4,1.4652445545100252,0.6987873871951603
21,ImagPLV,edges,7,11.0,T7,T8,0.9592577183829424,0.6625374856530692
21,ImagPLV,edges,8,15.0,C3,P4,1.0692510019894648,0.9702419916627277
21,ImagPLV,edges,10,14.0,C4,Pz,1.5174174181761118,0.7832132147525399
21,ImagPLV,ns,0,,FP1,,0.3797970467199613,0.8796587356250029
21,ImagPLV,ns,3,,F3,,0.3845901998561233,1.0782025295072342
31,ImagPLV,edges,0,9.0,FP1,Cz,1.5987083350138924,0.7803095388738048
31,ImagPLV,edges,0,14.0,FP1,Pz,1.4925280631235829,0.7569810237272582
31,ImagPLV,edges,1,7.0,FP2,T7,1.3706056016811767,0.7763674478513107
31,ImagPLV,edges,1,8.0,FP2,C3,1.6201658446555753,0.9495532727500466
31,ImagPLV,edges,1,9.0,FP2,Cz,1.5747459373099049,1.7426418587089838
31,ImagPLV,edges,2,13.0,F7,P3,1.8156590721983807,1.1906324029193522
31,ImagPLV,edges,3,13.0,F3,P3,1.4012854069507064,0.9203863447246357
31,ImagPLV,edges,4,15.0,Fz,P4,1.4329354957424245,0.8009605530795634
31,ImagPLV,edges,4,16.0,Fz,P8,1.6428502300319408,0.9925139688448061
31,ImagPLV,edges,5,10.0,F4,C4,1.6181895509821764,0.819433303780998
31,ImagPLV,edges,5,14.0,F4,Pz,1.4759642430770339,1.4631778785716056
31,ImagPLV,edges,5,15.0,F4,P4,1.267008265163811,0.7699673097482485
31,ImagPLV,edges,6,7.0,F8,T7,1.7066212335194222,0.8504377437255446
31,ImagPLV,edges,8,12.0,C3,P7,1.146048156808309,0.7393117775057199
31,ImagPLV,edges,8,13.0,C3,P3,1.2742836989724937,0.7306597500279465
31,ImagPLV,edges,8,17.0,C3,O1,1.5959869228616186,0.9766196450755581
31,ImagPLV,edges,10,14.0,C4,Pz,1.7196898131293563,0.7637441023171281
31,ImagPLV,ns,4,,Fz,,0.4290289336480403,0.9181172669069745
31,ImagPLV,ns,14,,Pz,,0.42435866194415994,1.7009318365256396
34,ImagPLV,edges,3,12.0,F3,P7,2.4864984138143544,0.7944758332300422
34,ImagPLV,edges,4,16.0,Fz,P8,1.8305193578169519,0.8579902921530651
34,ImagPLV,edges,4,18.0,Fz,O2,1.7645609924338954,0.8491685258831592
34,ImagPLV,edges,7,12.0,T7,P7,2.1118124558452025,1.4275312454108713
34,ImagPLV,edges,7,18.0,T7,O2,2.7823704540218004,1.2041876676908245
34,ImagPLV,edges,8,12.0,C3,P7,0.9132093080934531,0.8973156885367872
34,ImagPLV,edges,8,13.0,C3,P3,1.3588700604579118,1.5219383786576184
34,ImagPLV,edges,8,17.0,C3,O1,1.0443614684558602,1.2558326033128198
34,ImagPLV,edges,8,18.0,C3,O2,1.377111011305694,0.999890754147138
34,ImagPLV,edges,9,14.0,Cz,Pz,2.5324480941176715,0.8707852652914401
34,ImagPLV,edges,9,15.0,Cz,P4,2.059141230453737,1.2592778516163827
34,ImagPLV,edges,10,15.0,C4,P4,2.2278473493005477,1.031145185866535
34,ImagPLV,edges,10,16.0,C4,P8,0.8685946103502344,0.9685719046453245
34,ImagPLV,edges,15,16.0,P4,P8,0.6329435722065324,1.2232161302847182
34,ImagPLV,ns,4,,Fz,,0.327266921651517,1.3343691908941044
34,ImagPLV,ns,5,,F4,,0.3244673058459149,0.8111549269489104
39,ImagPLV,edges,0,9.0,FP1,Cz,1.043242382143254,0.9291228230239968
39,ImagPLV,edges,2,13.0,F7,P3,0.9929265331624504,0.9067053145603021
39,ImagPLV,edges,3,7.0,F3,T7,0.7751408865261564,1.2199892644287669
39,ImagPLV,edges,3,12.0,F3,P7,0.7008857538876073,1.0637984696678064
39,ImagPLV,edges,4,8.0,Fz,C3,0.7510365314327256,1.3874665908777295
39,ImagPLV,edges,4,11.0,Fz,T8,0.894579834742571,1.0072416997123468
39,ImagPLV,edges,9,10.0,Cz,C4,0.9489772971341761,1.029004799999161
39,ImagPLV,edges,10,16.0,C4,P8,0.9837605484135568,1.610646300101576
39,ImagPLV,edges,13,17.0,P3,O1,0.8831122951334425,1.110359418431616
39,ImagPLV,ns,7,,T7,,0.36585724744111303,0.809200449188542
39,ImagPLV,ns,8,,C3,,0.3537854808005525,0.6886353537566428
1,PLI,edges,0,6.0,FP1,F8,0.726451010980488,0.6870556832250019
1,PLI,edges,0,13.0,FP1,P3,0.7081401197971584,1.0062450181095688
1,PLI,edges,1,5.0,FP2,F4,0.7318427685822081,0.6835620029673208
1,PLI,edges,3,9.0,F3,Cz,0.710581096164302,1.0741626805743043
1,PLI,edges,4,17.0,Fz,O1,0.718183497707781,0.775656315588668
1,PLI,edges,5,17.0,F4,O1,0.7179933106473024,0.7239568246629047
1,PLI,edges,7,12.0,T7,P7,0.7196614402892563,0.869248499851702
1,PLI,edges,8,12.0,C3,P7,0.7314695893120081,0.9493303823225003
1,PLI,edges,9,12.0,Cz,P7,0.6905013035936214,0.8526739473702034
1,PLI,edges,9,18.0,Cz,O2,0.7024267965272489,1.4503751774582647
1,PLI,edges,10,16.0,C4,P8,0.6684380135947658,0.6687665166018344
1,PLI,edges,12,13.0,P7,P3,0.7152519081870745,1.2683671627809603
1,PLI,edges,14,18.0,Pz,O2,0.683026447160684,1.739324496099845
1,PLI,ns,8,,C3,,0.360143458651756,0.6610050544005679
1,PLI,ns,10,,C4,,0.33747664836168584,1.0198245356159497
1,PLI,ns,14,,Pz,,0.34027307301434434,0.6024154305973898
2,PLI,edges,0,14.0,FP1,Pz,0.7410041000056087,0.8514778177355582
2,PLI,edges,0,15.0,FP1,P4,0.7618027148769884,0.5936184068834119
2,PLI,edges,2,13.0,F7,P3,0.750860549002693,0.9218769780628089
2,PLI,edges,3,12.0,F3,P7,0.7389292059902324,0.5589476145493772
2,PLI,edges,4,6.0,Fz,F8,0.7602237564878217,0.6938181594649369
2,PLI,edges,5,9.0,F4,Cz,0.7375289385462054,0.9804374118869841
2,PLI,edges,7,9.0,T7,Cz,0.7040075489264526,1.0624450926667035
2,PLI,edges,7,12.0,T7,P7,0.6779624683361871,0.64385170667951
2,PLI,edges,7,18.0,T7,O2,0.750778677813412,0.5534604945449044
2,PLI,edges,9,11.0,Cz,T8,0.7510565072043823,0.5637799593696265
2,PLI,edges,10,11.0,C4,T8,0.7123933087887042,0.6505424228559993
2,PLI,edges,13,14.0,P3,Pz,0.6723427181824744,0.5498286070321765
2,PLI,ns,7,,T7,,0.3704052773069644,0.8131246422690092
2,PLI,ns,8,,C3,,0.34063203190940894,0.9686040618788959
5,PLI,edges,0,9.0,FP1,Cz,0.7263357772760104,1.6956442955752429
5,PLI,edges,0,11.0,FP1,T8,0.7520023966306604,0.818763774150845
5,PLI,edges,1,3.0,FP2,F3,0.6916564681045354,1.167368321689149
5,PLI,edges,1,6.0,FP2,F8,0.7382867815200191,1.2428958254217672
5,PLI,edges,1,7.0,FP2,T7,0.7426390114015475,0.9384947019394401
5,PLI,edges,2,8.0,F7,C3,0.7423967768537159,0.9531794029024236
5,PLI,edges,3,6.0,F3,F8,0.749281265570797,1.1301387864274792
5,PLI,edges,3,8.0,F3,C3,0.743047760688688,0.7735027996657913
5,PLI,edges,3,14.0,F3,Pz,0.7232073112537228,1.1145448672208822
5,PLI,edges,3,15.0,F3,P4,0.74714721882554,0.8057644392531313
5,PLI,edges,4,6.0,Fz,F8,0.7135636821708362,1.1443665998076176
5,PLI,edges,4,10.0,Fz,C4,0.7329932221203788,1.1361981462455784
5,PLI,edges,4,12.0,Fz,P7,0.7338267237947016,0.9187117339507558
5,PLI,edges,4,15.0,Fz,P4,0.7450608592248016,0.8475692859674427
5,PLI,edges,8,14.0,C3,Pz,0.7111291094360345,0.9721491512967955
5,PLI,edges,10,14.0,C4,Pz,0.7584877729076096,0.7642288598463173
5,PLI,edges,13,14.0,P3,Pz,0.7483112746096483,1.3174335230505072
5,PLI,ns,3,,F3,,0.4102815910373365,0.7109038008395241
5,PLI,ns,10,,C4,,0.4138076684456262,0.6787212350750846
9,PLI,edges,0,3.0,FP1,F3,0.7067471322475234,1.0971265612930092
9,PLI,edges,1,13.0,FP2,P3,0.7105429868464936,0.7649600935223441
9,PLI,edges,3,9.0,F3,Cz,0.7172057274881465,1.0124686132390335
9,PLI,edges,3,12.0,F3,P7,0.681547233670349,0.8591248494625652
9,PLI,edges,3,14.0,F3,Pz,0.7209901171709858,0.7224521722180451
9,PLI,edges,3,17.0,F3,O1,0.6760846603408069,1.2303342414278906
9,PLI,edges,4,7.0,Fz,T7,0.7228120717126783,1.0553691134953114
9,PLI,edges,4,17.0,Fz,O1,0.6800922325009879,0.7527400228684473
9,PLI,edges,5,12.0,F4,P7,0.6740567547484345,1.015646433147728
9,PLI,edges,6,18.0,F8,O2,0.6989726371609237,0.9311500599367811
9,PLI,edges,8,10.0,C3,C4,0.7029853059729165,1.1791626051793522
9,PLI,edges,8,12.0,C3,P7,0.682871378011032,1.248064236362753
9,PLI,edges,8,13.0,C3,P3,0.7049585549084235,0.9527629561121764
9,PLI,edges,9,12.0,Cz,P7,0.7149719510785324,0.8828753052253755
9,PLI,edges,9,15.0,Cz,P4,0.6615405508083452,0.7171329563838683
9,PLI,edges,9,18.0,Cz,O2,0.644783090754453,0.7397517211050852
9,PLI,edges,12,17.0,P7,O1,0.7082376311354588,0.896488664929594
9,PLI,ns,9,,Cz,,0.3184019368943526,0.5589609907254887
21,PLI,edges,0,4.0,FP1,Fz,0.7026057415603002,0.773986865556999
21,PLI,edges,0,10.0,FP1,C4,0.7216408824328797,0.6314840602669041
21,PLI,edges,0,17.0,FP1,O1,0.716919252792861,0.9190589495331637
21,PLI,edges,2,14.0,F7,Pz,0.6957785920005934,0.6917084325171335
21,PLI,edges,3,15.0,F3,P4,0.7096682830151311,1.2447116043717155
21,PLI,edges,4,9.0,Fz,Cz,0.7189497157264169,0.6788647342058161
21,PLI,edges,4,17.0,Fz,O1,0.720952876155998,0.95427067849993
21,PLI,edges,5,14.0,F4,Pz,0.7208812377827876,0.8517486587819569
21,PLI,edges,7,15.0,T7,P4,0.7107131930822701,0.7859276292326125
21,PLI,edges,9,15.0,Cz,P4,0.7064552933176491,0.732532618537693
21,PLI,edges,10,15.0,C4,P4,0.6378107579094274,0.6977370375515367
21,PLI,edges,10,16.0,C4,P8,0.6791295465600106,0.7438078592928605
21,PLI,ns,1,,FP2,,0.357774225425294,1.0712189868514779
21,PLI,ns,3,,F3,,0.34981339768342345,0.9815501401827509
21,PLI,ns,5,,F4,,0.3503420400957353,0.7048361728249193
21,PLI,ns,6,,F8,,0.34650140653021344,0.7737608235210219
31,PLI,edges,0,9.0,FP1,Cz,0.6984225797403845,0.5806921523884343
31,PLI,edges,0,16.0,FP1,P8,0.7445033797681218,0.6477880875457853
31,PLI,edges,0,17.0,FP1,O1,0.7351078452723279,0.5736351118548642
31,PLI,edges,3,9.0,F3,Cz,0.725687911887362,0.9661016922408123
31,PLI,edges,3,12.0,F3,P7,0.6892436780773012,0.7767883425685755
31,PLI,edges,4,13.0,Fz,P3,0.7231838393477581,0.5917432666971297
31,PLI,edges,4,14.0,Fz,Pz,0.6947231017821714,0.5972717577259736
31,PLI,edges,6,9.0,F8,Cz,0.7333814173636397,0.6819962140242662
31,PLI,edges,7,8.0,T7,C3,0.7127487645528185,0.7339282729262908
31,PLI,edges,7,11.0,T7,T8,0.7430393130434553,0.572634235750386
31,PLI,edges,9,15.0,Cz,P4,0.7357640937724093,1.1454548222811338
31,PLI,edges,10,18.0,C4,O2,0.7378916131638117,0.8883135812785755
31,PLI,edges,12,13.0,P7,P3,0.6812081796176859,0.6473167049248123
31,PLI,edges,12,16.0,P7,P8,0.742665018445517,0.8538184404032066
31,PLI,edges,13,14.0,P3,Pz,0.7244825305171874,0.8465606776078634
31,PLI,ns,2,,F7,,0.39860687261292926,0.815350587339977
31,PLI,ns,4,,Fz,,0.38810241819757185,0.8904242505193362
31,PLI,ns,9,,Cz,,0.3805673767545592,1.1754347198849229
31,PLI,ns,14,,Pz,,0.3921465904928403,1.8736956350707363
34,PLI,edges,1,10.0,FP2,C4,0.6997515777807193,0.7778133399349044
34,PLI,edges,1,15.0,FP2,P4,0.6996528296395264,1.3001653981770096
34,PLI,edges,2,9.0,F7,Cz,0.70151323479896,1.11389940351767
34,PLI,edges,3,12.0,F3,P7,0.7008436461753167,0.7635175112775883
34,PLI,edges,3,18.0,F3,O2,0.7035365641734869,0.7733836332571875
34,PLI,edges,6,18.0,F8,O2,0.6600207433787767,0.7692041989690511
34,PLI,edges,8,17.0,C3,O1,0.6773852108515049,1.4321102068075113
34,PLI,edges,10,16.0,C4,P8,0.6555104078561187,0.8754161950639232
34,PLI,edges,11,16.0,T8,P8,0.7196206029493322,1.0502893587419688
34,PLI,edges,12,17.0,P7,O1,0.7161504192364431,0.9661992886009934
34,PLI,edges,13,18.0,P3,O2,0.7104472825086989,1.0528590062441556
34,PLI,edges,14,15.0,Pz,P4,0.7101160823687085,0.721260997556216
34,PLI,edges,15,16.0,P4,P8,0.552495685078698,0.6737812118990504
34,PLI,ns,4,,Fz,,0.3087171334007196,0.933887732490646
34,PLI,ns,9,,Cz,,0.3062235057092306,1.5068182570244852
34,PLI,ns,15,,P4,,0.30823321097766965,0.8712045564722024
39,PLI,edges,0,10.0,FP1,C4,0.6628219306395837,0.8177515497307543
39,PLI,edges,1,12.0,FP2,P7,0.6225353979912385,0.9544843123087159
39,PLI,edges,3,8.0,F3,C3,0.5615247673394659,0.9740598746720355
39,PLI,edges,3,12.0,F3,P7,0.5882849650596081,0.8972742136048449
39,PLI,edges,3,17.0,F3,O1,0.679950516373504,0.783559287163788
39,PLI,edges,4,8.0,Fz,C3,0.637793137318277,1.0265016659320068
39,PLI,edges,4,11.0,Fz,T8,0.6587157995187709,0.9958206972163378
39,PLI,edges,4,12.0,Fz,P7,0.6176793891032386,0.9103897657226326
39,PLI,edges,4,17.0,Fz,O1,0.6866863813428296,0.7545885984885617
39,PLI,edges,5,8.0,F4,C3,0.6621638416934185,1.4439137017964505
39,PLI,edges,5,10.0,F4,C4,0.5976122882154311,0.7795165182222124
39,PLI,edges,6,11.0,F8,T8,0.6477265816228799,0.8141380845448057
39,PLI,edges,8,9.0,C3,Cz,0.6738896658939022,0.9307042989331873
39,PLI,edges,9,13.0,Cz,P3,0.6764184628655845,1.6212918338533011
39,PLI,edges,10,13.0,C4,P3,0.6752202583283862,0.744644620261708
39,PLI,edges,13,17.0,P3,O1,0.6331496245419099,0.757715017388162
39,PLI,ns,8,,C3,,0.3417335168121897,0.74179982297529
39,PLI,ns,13,,P3,,0.3453516008939663,0.47019801239653325
1,wPLI,edges,0,16.0,FP1,P8,0.6823115411254297,0.9864625009217525
1,wPLI,edges,1,18.0,FP2,O2,0.6738690356485767,0.7233241604864857
1,wPLI,edges,3,5.0,F3,F4,0.7173456451771669,0.9736470196961808
1,wPLI,edges,3,12.0,F3,P7,0.7134195609875436,0.6164437103190437
1,wPLI,edges,4,17.0,Fz,O1,0.7077532629456069,0.575331231506513
1,wPLI,edges,7,17.0,T7,O1,0.7081161222864993,0.9938271099337772
1,wPLI,edges,8,11.0,C3,T8,0.7181657766268288,0.7343705076863909
1,wPLI,edges,9,18.0,Cz,O2,0.6955027524640187,1.0281439350836519
1,wPLI,edges,10,18.0,C4,O2,0.7178147833376121,0.603028799493561
1,wPLI,edges,12,17.0,P7,O1,0.700938668240251,0.652904977466177
1,wPLI,edges,14,16.0,Pz,P8,0.6516447245821304,0.5984824100452485
1,wPLI,edges,14,18.0,Pz,O2,0.6869303145806704,0.8380580680883849
2,wPLI,edges,0,5.0,FP1,F4,0.7557923893414091,0.5845542539745872
2,wPLI,edges,0,9.0,FP1,Cz,0.7472403185382388,0.7082256082860479
2,wPLI,edges,0,11.0,FP1,T8,0.7382674828464881,0.6649186980822857
2,wPLI,edges,2,7.0,F7,T7,0.7252621373576271,0.7601351100241931
2,wPLI,edges,2,11.0,F7,T8,0.7301988554720058,0.5777001270808301
2,wPLI,edges,3,8.0,F3,C3,0.7437512220457254,0.8788120540257478
2,wPLI,edges,4,6.0,Fz,F8,0.7262818461047271,0.9206805420057926
2,wPLI,edges,4,7.0,Fz,T7,0.7302681067686214,1.1699464076735933
2,wPLI,edges,5,6.0,F4,F8,0.7153303094504508,1.1769969954852104
2,wPLI,edges,6,7.0,F8,T7,0.7505259813250651,0.6362798477145523
2,wPLI,edges,8,9.0,C3,Cz,0.7165713954331808,1.8033052287727518
2,wPLI,edges,11,12.0,T8,P7,0.7513600809744874,0.6366842746592312
2,wPLI,edges,11,14.0,T8,Pz,0.7277067694918848,0.63162784097199
2,wPLI,edges,17,18.0,O1,O2,0.734538376317057,0.8384025970365039
2,wPLI,ns,10,,C4,,0.3758572956442295,0.5623525540359097
5,wPLI,edges,0,7.0,FP1,T7,0.7455729497488361,0.7945339202175554
5,wPLI,edges,1,10.0,FP2,C4,0.7376594346652722,0.9048292448178652
5,wPLI,edges,2,8.0,F7,C3,0.7293449613214206,0.7633100823111946
5,wPLI,edges,2,9.0,F7,Cz,0.7411783070554887,0.7559660309134988
5,wPLI,edges,2,15.0,F7,P4,0.7320030187947341,1.0759552034275868
5,wPLI,edges,5,8.0,F4,C3,0.7405954396718024,0.9498222425417038
5,wPLI,edges,5,13.0,F4,P3,0.7146639325930599,1.0269827887095415
5,wPLI,edges,6,14.0,F8,Pz,0.6979809849495222,1.0543466517645095
5,wPLI,edges,6,15.0,F8,P4,0.7210710800386729,0.8808992278764362
5,wPLI,edges,7,11.0,T7,T8,0.7427482727462404,1.1391640979270967
5,wPLI,edges,8,12.0,C3,P7,0.7030535916315188,0.8680126244374723
5,wPLI,edges,9,13.0,Cz,P3,0.7077319667855682,0.9455588215974665
5,wPLI,edges,9,15.0,Cz,P4,0.7149864680589737,1.7258413507217814
5,wPLI,ns,10,,C4,,0.415897012362167,0.7167322413370119
5,wPLI,ns,14,,Pz,,0.41244372388955386,0.7192294570408778
9,wPLI,edges,0,8.0,FP1,C3,0.6874395307940404,1.1056028826497708
9,wPLI,edges,1,6.0,FP2,F8,0.6884062259490632,0.7790632144724929
9,wPLI,edges,3,17.0,F3,O1,0.6444059765786023,0.6035138078658489
9,wPLI,edges,3,18.0,F3,O2,0.6827945529534059,0.9810209314944137
9,wPLI,edges,4,16.0,Fz,P8,0.6876393979284959,0.7563432978696738
9,wPLI,edges,4,18.0,Fz,O2,0.640691442189816,0.7103044262486473
9,wPLI,edges,5,12.0,F4,P7,0.6507771968760063,1.5418657796891324
9,wPLI,edges,6,14.0,F8,Pz,0.6426645031372751,0.6192330162525256
9,wPLI,edges,9,16.0,Cz,P8,0.6759301706863549,0.6809241896869377
9,wPLI,edges,10,17.0,C4,O1,0.6656486009411093,0.6012048481697063
9,wPLI,edges,10,18.0,C4,O2,0.6099116655744525,0.7555481645431212
9,wPLI,edges,15,18.0,P4,O2,0.6146157373209971,0.6641742014641727
9,wPLI,ns,1,,FP2,,0.3362424056815515,0.8341906640016032
9,wPLI,ns,4,,Fz,,0.31137433552494087,0.902009562844871
9,wPLI,ns,8,,C3,,0.3385059992145593,1.0051139220462237
9,wPLI,ns,9,,Cz,,0.3224187436126715,1.594842312002636
21,wPLI,edges,1,6.0,FP2,F8,0.6921273790209226,0.9222464082640363
21,wPLI,edges,2,13.0,F7,P3,0.6676807544747233,0.574044576779742
21,wPLI,edges,3,9.0,F3,Cz,0.5988441590700748,0.5499736803571614
21,wPLI,edges,3,14.0,F3,Pz,0.6437798123903022,0.6033179764801491
21,wPLI,edges,4,13.0,Fz,P3,0.7030422722994787,0.6700321348930091
21,wPLI,edges,4,14.0,Fz,Pz,0.6705500853894604,0.5849511190202452
21,wPLI,edges,4,18.0,Fz,O2,0.6973629460434199,0.5676032314776397
21,wPLI,edges,7,15.0,T7,P4,0.6698951326561156,0.6969856979455937
21,wPLI,edges,8,9.0,C3,Cz,0.6881139509382501,0.6625688480686207
21,wPLI,edges,8,13.0,C3,P3,0.6594174306538656,0.63283761041485
21,wPLI,edges,8,17.0,C3,O1,0.6997791798645387,0.5736546445377319
21,wPLI,edges,9,16.0,Cz,P8,0.6937239967904152,0.5783866281555874
21,wPLI,edges,9,18.0,Cz,O2,0.6515845970105916,0.5733589075967865
21,wPLI,edges,12,16.0,P7,P8,0.6684240812041542,0.7379426935303521
21,wPLI,ns,4,,Fz,,0.37150212033573304,0.6114457695418728
21,wPLI,ns,6,,F8,,0.36921001543518406,0.8027689557903384
21,wPLI,ns,8,,C3,,0.3927892960751764,0.6564025594913157
31,wPLI,edges,0,3.0,FP1,F3,0.717396160482189,0.5641202493668824
31,wPLI,edges,2,12.0,F7,P7,0.6811321278136158,0.5477715922889361
31,wPLI,edges,2,14.0,F7,Pz,0.6841043707784955,0.883073511387148
31,wPLI,edges,2,15.0,F7,P4,0.7147762830886883,0.7250409034240967
31,wPLI,edges,3,6.0,F3,F8,0.7166634032115062,0.8758322757811775
31,wPLI,edges,3,7.0,F3,T7,0.6998389418797107,0.6619693440628088
31,wPLI,edges,3,9.0,F3,Cz,0.6910279328928892,0.8205158629311655
31,wPLI,edges,3,16.0,F3,P8,0.7159035734194965,0.6866955315619698
31,wPLI,edges,4,15.0,Fz,P4,0.6845110941018702,0.5899931295029806
31,wPLI,edges,5,18.0,F4,O2,0.7131208183456025,0.7855564394321053
31,wPLI,edges,6,14.0,F8,Pz,0.7014446865129317,0.6166577208913263
31,wPLI,edges,7,10.0,T7,C4,0.7003654484732773,0.601467443852981
31,wPLI,edges,8,13.0,C3,P3,0.716646367811063,1.443213005401481
31,wPLI,ns,2,,F7,,0.40076726530170625,0.9860147588780961
31,wPLI,ns,3,,F3,,0.40036023029722556,0.8515369867934088
31,wPLI,ns,14,,Pz,,0.4242778887147396,0.6865370906817567
34,wPLI,edges,0,5.0,FP1,F4,0.6866838585824651,0.7306752823958298
34,wPLI,edges,2,9.0,F7,Cz,0.6552512241190951,0.6862644344198011
34,wPLI,edges,3,5.0,F3,F4,0.7064982293470573,0.6095931252947355
34,wPLI,edges,3,7.0,F3,T7,0.7057658318151219,0.6761503459667584
34,wPLI,edges,3,10.0,F3,C4,0.693091384440643,0.6694334448236207
34,wPLI,edges,4,6.0,Fz,F8,0.7016938675101826,0.6423298133376172
34,wPLI,edges,5,16.0,F4,P8,0.7057376292484349,1.012492796865752
34,wPLI,edges,8,13.0,C3,P3,0.6528668840896568,0.7621666462304431
34,wPLI,edges,8,17.0,C3,O1,0.6271187120688455,0.7398053642200072
34,wPLI,edges,8,18.0,C3,O2,0.6878395737909027,0.8594921895776593
34,wPLI,edges,9,13.0,Cz,P3,0.6977984720297965,1.0007073863780285
34,wPLI,edges,9,16.0,Cz,P8,0.6562468270766508,0.8343533852537116
34,wPLI,edges,9,18.0,Cz,O2,0.6931311767559987,0.8881791407334663
34,wPLI,edges,10,11.0,C4,T8,0.6549844045194755,0.6468076825402751
34,wPLI,edges,10,16.0,C4,P8,0.5953900553999696,0.7442227741828413
34,wPLI,edges,13,17.0,P3,O1,0.5301607717609167,0.9460146314959957
34,wPLI,edges,13,18.0,P3,O2,0.6673339593736185,0.7272343704351998
34,wPLI,edges,14,18.0,Pz,O2,0.5789110501467611,1.3249178277705118
34,wPLI,edges,15,18.0,P4,O2,0.5395169201200218,0.6765165722753803
34,wPLI,edges,17,18.0,O1,O2,0.693741444601417,1.008952606316422
34,wPLI,ns,10,,C4,,0.3181098264973171,0.8708057466239223
34,wPLI,ns,15,,P4,,0.3198072291757156,0.7283973885240923
39,wPLI,edges,0,10.0,FP1,C4,0.6218482584848413,0.6613880994361043
39,wPLI,edges,0,16.0,FP1,P8,0.6341458600696408,0.7282667087652608
39,wPLI,edges,1,13.0,FP2,P3,0.636335023928923,0.724804714750086
39,wPLI,edges,3,8.0,F3,C3,0.48033534509852005,0.7075777771327361
39,wPLI,edges,3,10.0,F3,C4,0.6484932649418991,1.218977414194934
39,wPLI,edges,3,14.0,F3,Pz,0.6392071034238054,0.7252658911559877
39,wPLI,edges,4,8.0,Fz,C3,0.550463652978777,0.8996861115908068
39,wPLI,edges,4,11.0,Fz,T8,0.6253609271593642,1.0673360574338606
39,wPLI,edges,4,14.0,Fz,Pz,0.645567812735329,0.8978365973594671
39,wPLI,edges,5,16.0,F4,P8,0.5505786815605827,0.9670831914846826
39,wPLI,edges,9,13.0,Cz,P3,0.6518868039559678,0.7246219170943816
39,wPLI,ns,9,,Cz,,0.3320686921412811,0.6193582636930949
39,wPLI,ns,14,,Pz,,0.3400885619944749,0.741099015680597
1,Coh,edges,3,13.0,F3,P3,0.11488700454644762,1.5451483290720205
1,Coh,edges,4,5.0,Fz,F4,0.03111263797658504,0.7909693649670666
1,Coh,edges,4,9.0,Fz,Cz,0.0342343356865101,0.8318019767306917
1,Coh,edges,4,14.0,Fz,Pz,0.10126080415076705,0.8642435536966423
1,Coh,edges,4,15.0,Fz,P4,0.10643961110481835,0.689512604412635
1,Coh,edges,5,10.0,F4,C4,0.04909649124534701,0.5523057561445424
1,Coh,edges,5,15.0,F4,P4,0.11249991281013756,0.7862495908322911
1,Coh,edges,8,10.0,C3,C4,0.08983955280435145,0.6558572296035523
1,Coh,edges,8,12.0,C3,P7,0.09675945256498193,0.6963237042677071
1,Coh,edges,8,14.0,C3,Pz,0.05901855737214639,0.5632888170155531
1,Coh,edges,9,17.0,Cz,O1,0.1128141931777088,1.241860190954709
1,Coh,edges,10,13.0,C4,P3,0.09220324687253947,0.7846128353514432
1,Coh,edges,10,14.0,C4,Pz,0.04917217145756248,0.6449326463175492
1,Coh,edges,10,15.0,C4,P4,0.03335130538967684,0.5997580396250326
1,Coh,edges,10,16.0,C4,P8,0.07151035893388479,1.1593199026150727
1,Coh,edges,11,16.0,T8,P8,0.1057174822075686,0.6146865153500889
1,Coh,edges,12,14.0,P7,Pz,0.08477784742152583,0.5428709559516732
1,Coh,edges,12,17.0,P7,O1,0.050224023690939396,0.6721384872115461
1,Coh,edges,14,15.0,Pz,P4,0.012867731205901962,0.6717737818941217
1,Coh,edges,14,16.0,Pz,P8,0.0590236968173184,0.7646916477573709
1,Coh,edges,14,18.0,Pz,O2,0.036868490177555294,0.5912954523944753
1,Coh,edges,15,16.0,P4,P8,0.026838066308516102,0.8126371319528698
1,Coh,ns,13,,P3,,0.11384802412988908,0.25125703712168307
1,Coh,ns,15,,P4,,0.10718397820306255,0.41045525839841723
2,Coh,edges,3,8.0,F3,C3,0.10434264008659028,0.6505543265831897
2,Coh,edges,4,5.0,Fz,F4,0.04736472932676354,1.3195181437811534
2,Coh,edges,5,10.0,F4,C4,0.06609199445354573,0.8436790784055594
2,Coh,edges,7,8.0,T7,C3,0.09932763392157046,1.049037128475139
2,Coh,edges,7,12.0,T7,P7,0.08831287717036981,0.6936693412741526
2,Coh,edges,7,13.0,T7,P3,0.11221692306465583,0.5732179336835129
2,Coh,edges,10,11.0,C4,T8,0.07902288633226451,0.8242087581124904
2,Coh,edges,11,15.0,T8,P4,0.12218633552089114,0.6076300754831668
2,Coh,edges,12,17.0,P7,O1,0.04925605277769848,0.6648926886295766
2,Coh,edges,13,15.0,P3,P4,0.06977649322504101,0.7856711733858844
2,Coh,edges,14,18.0,Pz,O2,0.04924110710287019,0.7365449062296958
2,Coh,ns,10,,C4,,0.11561332682773945,0.8064251658408096
2,Coh,ns,13,,P3,,0.11960685758888479,0.7957210793858647
2,Coh,ns,14,,Pz,,0.10872606334537113,0.8392056402982164
5,Coh,edges,4,5.0,Fz,F4,0.024377241937526897,0.775747414189373
5,Coh,edges,4,14.0,Fz,Pz,0.08030889103808954,1.4968702199046295
5,Coh,edges,4,15.0,Fz,P4,0.09005221237432674,1.3125736870131721
5,Coh,edges,5,10.0,F4,C4,0.0528679264911264,0.8556396468056666
5,Coh,edges,7,8.0,T7,C3,0.07115291257302353,0.9638499330343828
5,Coh,edges,7,12.0,T7,P7,0.07845672964156003,0.7238985477662969
5,Coh,edges,7,13.0,T7,P3,0.0731449876341103,0.749130414010986
5,Coh,edges,8,13.0,C3,P3,0.028107533175524755,0.758389594779032
5,Coh,edges,8,14.0,C3,Pz,0.043235736094257876,0.7468941933386142
5,Coh,edges,8,17.0,C3,O1,0.08957610043339329,1.2243455631628075
5,Coh,edges,10,16.0,C4,P8,0.06749806833978864,1.1446140558995106
5,Coh,edges,12,14.0,P7,Pz,0.0695836723799241,0.9111621347737378
5,Coh,edges,12,17.0,P7,O1,0.08973425039360183,0.9007182423369557
5,Coh,edges,13,17.0,P3,O1,0.03951898185458193,0.7894738721129644
5,Coh,edges,14,18.0,Pz,O2,0.040873882579606294,0.8623595340284818
5,Coh,edges,15,16.0,P4,P8,0.042101582405113885,1.2276179742587598
5,Coh,edges,15,17.0,P4,O1,0.052748556696096974,0.9627387902915763
5,Coh,edges,15,18.0,P4,O2,0.04449205551160132,0.9071582580600699
5,Coh,ns,4,,Fz,,0.0808372304633217,0.5414765725105355
9,Coh,edges,1,6.0,FP2,F8,0.12870892790513477,0.6524656410035383
9,Coh,edges,3,4.0,F3,Fz,0.028346408607454753,0.6086078385751155
9,Coh,edges,3,5.0,F3,F4,0.08638247185703657,0.5956977516188792
9,Coh,edges,3,9.0,F3,Cz,0.08117776473166455,0.9604993008599451
9,Coh,edges,4,14.0,Fz,Pz,0.14182750760734014,0.5538972314993911
9,Coh,edges,5,8.0,F4,C3,0.13523791424134202,0.6522838145408001
9,Coh,edges,5,9.0,F4,Cz,0.07904264414206988,0.5768639476301177
9,Coh,edges,5,10.0,F4,C4,0.07675830029856291,0.6722793785127787
9,Coh,edges,7,12.0,T7,P7,0.07910861994243502,0.758581101502777
9,Coh,edges,8,12.0,C3,P7,0.1050946472738817,1.0311629612398012
9,Coh,edges,8,13.0,C3,P3,0.04396272432004769,1.2059554758767546
9,Coh,edges,8,14.0,C3,Pz,0.07439646978370605,0.8219723691281158
9,Coh,edges,9,10.0,Cz,C4,0.04738891332596644,0.5642920437500237
9,Coh,edges,9,14.0,Cz,Pz,0.04150513328882015,0.5738045496510366
9,Coh,edges,10,14.0,C4,Pz,0.07153998367469187,0.5674784477526744
9,Coh,edges,15,18.0,P4,O2,0.04399442988490271,0.5688746392163101
9,Coh,edges,16,18.0,P8,O2,0.14671767369684363,0.7343086483504478
9,Coh,ns,8,,C3,,0.11340901532804819,0.5840621566758308
9,Coh,ns,14,,Pz,,0.10924285123997335,0.5560153818376369
21,Coh,edges,1,4.0,FP2,Fz,0.0488806796106113,0.9227222446426471
21,Coh,edges,2,3.0,F7,F3,0.07114806355089863,1.177946270536503
21,Coh,edges,3,4.0,F3,Fz,0.017878273643737418,0.8445548557589462
21,Coh,edges,3,9.0,F3,Cz,0.04976241598505757,1.00649009104269
21,Coh,edges,4,8.0,Fz,C3,0.08643273871803343,1.0086063307357704
21,Coh,edges,5,10.0,F4,C4,0.09140225819024059,2.6760289250397173
21,Coh,edges,9,10.0,Cz,C4,0.04039752999904283,3.0708879555117674
21,Coh,edges,9,14.0,Cz,Pz,0.04829397291819699,0.9947676040241791
21,Coh,edges,9,15.0,Cz,P4,0.07440574684916351,1.7838321562788293
21,Coh,edges,14,16.0,Pz,P8,0.09359794099767335,0.9858549436460005
21,Coh,edges,15,16.0,P4,P8,0.02905638882350424,1.01609840242242
21,Coh,ns,10,,C4,,0.0812988858518424,0.8271551188390798
31,Coh,edges,3,8.0,F3,C3,0.07520022458784896,1.7880603436002374
31,Coh,edges,4,8.0,Fz,C3,0.096655691947647,0.9844115694443624
31,Coh,edges,4,9.0,Fz,Cz,0.056196698619002644,0.7146338557486506
31,Coh,edges,5,6.0,F4,F8,0.03423401135663158,0.6629794994285576
31,Coh,edges,5,9.0,F4,Cz,0.06396459423490414,0.8331701283014117
31,Coh,edges,5,10.0,F4,C4,0.08226702018102706,0.9899997699702402
31,Coh,edges,5,11.0,F4,T8,0.09620834779114479,0.9276083886684947
31,Coh,edges,7,8.0,T7,C3,0.0560676711958931,0.6829201943132303
31,Coh,edges,7,12.0,T7,P7,0.10639989317804248,0.6129303967160015
31,Coh,edges,7,13.0,T7,P3,0.08677715162400867,0.7336380141554572
31,Coh,edges,8,9.0,C3,Cz,0.04747790753084005,0.8548002079766462
31,Coh,edges,9,10.0,Cz,C4,0.044361002742067904,0.6701281738458978
31,Coh,edges,11,15.0,T8,P4,0.07377303916933345,0.734377055497086
31,Coh,edges,13,17.0,P3,O1,0.06988804140423999,0.6590827150605039
31,Coh,edges,14,18.0,Pz,O2,0.0792060773975807,0.7971297251538133
31,Coh,ns,8,,C3,,0.11212006955950989,0.9550431477540191
31,Coh,ns,9,,Cz,,0.08701411450244254,0.6260161859442143
31,Coh,ns,14,,Pz,,0.11058287724578009,0.699921795213825
34,Coh,edges,1,6.0,FP2,F8,0.09248654965143918,1.0141837173665897
34,Coh,edges,3,4.0,F3,Fz,0.019819032766305093,1.4024422784039432
34,Coh,edges,3,5.0,F3,F4,0.054323073262857166,0.9292006341378503
34,Coh,edges,3,8.0,F3,C3,0.10101300282645709,0.8970844363618548
34,Coh,edges,4,8.0,Fz,C3,0.12287678097016572,1.077479235883589
34,Coh,edges,5,6.0,F4,F8,0.0497846505421754,0.8687609094271549
34,Coh,edges,5,11.0,F4,T8,0.12050371065432317,0.7844086911746635
34,Coh,edges,8,9.0,C3,Cz,0.05029454205451334,1.120716833484864
34,Coh,edges,8,12.0,C3,P7,0.10120685329498058,1.0578810287861682
34,Coh,edges,9,10.0,Cz,C4,0.04980380770078527,0.8751941485804329
34,Coh,edges,12,14.0,P7,Pz,0.10122742253007296,0.807864377193374
34,Coh,edges,12,17.0,P7,O1,0.04722427366152453,0.8750258924301513
34,Coh,edges,13,15.0,P3,P4,0.0949815095567069,1.3034075067170119
34,Coh,edges,13,17.0,P3,O1,0.06555040370652068,1.5040674445919278
34,Coh,edges,14,17.0,Pz,O1,0.06312506159461988,1.522778503932707
34,Coh,edges,14,18.0,Pz,O2,0.055479355642857595,1.6456999513135186
34,Coh,edges,15,17.0,P4,O1,0.09933784466621151,0.931582008145649
34,Coh,ns,14,,Pz,,0.08303749416524137,0.9517797470844579
34,Coh,ns,15,,P4,,0.08836442482088241,0.9390394525547506
39,Coh,edges,0,2.0,FP1,F7,0.049928734192851564,1.2672736367879933
39,Coh,edges,1,5.0,FP2,F4,0.07089057679901317,1.5184650699104623
39,Coh,edges,3,5.0,F3,F4,0.07167550590299565,1.1376563277417318
39,Coh,edges,4,5.0,Fz,F4,0.02978246515561382,1.4523166080806709
39,Coh,edges,4,6.0,Fz,F8,0.07545914128760883,1.389392669619578
39,Coh,edges,5,10.0,F4,C4,0.09014032786523264,3.645519836093488
39,Coh,edges,9,10.0,Cz,C4,0.05867289042712248,2.039053327218068
39,Coh,edges,9,15.0,Cz,P4,0.058422776474964674,1.319905495574275
39,Coh,edges,10,14.0,C4,Pz,0.07473491204007784,1.5243921319312221
39,Coh,edges,11,15.0,T8,P4,0.08118008050603576,1.0295391518117043
39,Coh,edges,13,14.0,P3,Pz,0.028786360726063324,1.80072157107568
39,Coh,edges,13,17.0,P3,O1,0.05499020206670515,1.2115117794700394
39,Coh,edges,13,18.0,P3,O2,0.10447086435628442,1.0137548776587935
39,Coh,ns,3,,F3,,0.0936118395472895,1.4068642686230333
39,Coh,ns,9,,Cz,,0.06815196216399919,1.4041700846108929
1,imCoh,edges,0,11.0,FP1,T8,2.226672279338361,0.8770745811382016
1,imCoh,edges,1,11.0,FP2,T8,2.1857791198829855,0.8261284724871238
1,imCoh,edges,3,12.0,F3,P7,1.8910023897336257,1.0943660238403163
1,imCoh,edges,4,11.0,Fz,T8,1.5002877030990178,0.7965711597737747
1,imCoh,edges,4,12.0,Fz,P7,2.394598345343931,1.0504058687533129
1,imCoh,edges,4,18.0,Fz,O2,2.055191006298132,0.7099682983754744
1,imCoh,edges,5,16.0,F4,P8,1.6895532683341923,0.942846575060088
1,imCoh,edges,8,12.0,C3,P7,2.0571202735731546,1.183247002380983
1,imCoh,edges,8,13.0,C3,P3,2.2952666231430854,1.3180025199240184
1,imCoh,edges,8,18.0,C3,O2,2.1948414396919373,0.9256214411954904
1,imCoh,edges,9,10.0,Cz,C4,2.357602057758574,0.8809909796515273
1,imCoh,edges,9,11.0,Cz,T8,1.8386920568455696,0.7687030132092724
1,imCoh,edges,9,13.0,Cz,P3,2.4956561165838744,0.8547867848547255
1,imCoh,edges,9,15.0,Cz,P4,1.6812518432780499,0.7936628294977122
1,imCoh,edges,9,18.0,Cz,O2,1.9559536058658722,1.0627266155864978
1,imCoh,edges,12,16.0,P7,P8,2.2557817475179016,0.9627552065218669
1,imCoh,edges,13,17.0,P3,O1,2.6065234974543303,0.8642083425941571
1,imCoh,edges,13,18.0,P3,O2,2.2564129793934757,0.8267382446648012
1,imCoh,edges,14,15.0,Pz,P4,2.424821212691389,0.9990646621927783
1,imCoh,edges,14,18.0,Pz,O2,2.1583339302289475,0.831589123745605
1,imCoh,edges,16,18.0,P8,O2,2.138911325615867,0.9749847787061748
1,imCoh,ns,9,,Cz,,0.43125029916393565,0.7794563033105104
2,imCoh,edges,0,14.0,FP1,Pz,3.0814177991618346,0.6859634029188749
2,imCoh,edges,0,15.0,FP1,P4,2.9725594496560968,0.8424791890191444
2,imCoh,edges,2,3.0,F7,F3,1.9911318310698165,0.653056977297585
2,imCoh,edges,2,5.0,F7,F4,3.3113989239752164,0.5921445458940404
2,imCoh,edges,2,11.0,F7,T8,4.411112389613775,0.788549326684396
2,imCoh,edges,2,12.0,F7,P7,2.624411237676108,0.6082547991363165
2,imCoh,edges,2,15.0,F7,P4,2.622928599475144,0.7081395889857529
2,imCoh,edges,2,16.0,F7,P8,3.419685351932385,0.5835435842066738
2,imCoh,edges,3,9.0,F3,Cz,4.35486986921674,0.8005123932594145
2,imCoh,edges,5,6.0,F4,F8,2.7309710450369,0.6474849140089038
2,imCoh,edges,6,9.0,F8,Cz,4.49793267837647,0.587027629653319
2,imCoh,edges,8,13.0,C3,P3,4.324274922059771,0.7619489376423978
2,imCoh,edges,9,15.0,Cz,P4,3.2474426223062394,0.5700877134425921
2,imCoh,edges,12,13.0,P7,P3,4.638551469429589,0.761773462808779
2,imCoh,ns,3,,F3,,0.42153009389310114,1.1294463950109894
2,imCoh,ns,7,,T7,,0.43058250946281196,0.9727955877428998
5,imCoh,edges,0,10.0,FP1,C4,3.022863110086289,0.8138246082803551
5,imCoh,edges,3,8.0,F3,C3,3.6620929927648387,0.8536096070519571
5,imCoh,edges,3,9.0,F3,Cz,2.872405297521806,0.8484712086084639
5,imCoh,edges,3,15.0,F3,P4,2.7321228669036923,0.8885793121768315
5,imCoh,edges,4,10.0,Fz,C4,1.8702191486242428,0.9508175578495176
5,imCoh,edges,4,14.0,Fz,Pz,3.1161503692122006,0.765000287779915
5,imCoh,edges,5,10.0,F4,C4,2.052883638251255,0.7694206966790619
5,imCoh,edges,6,18.0,F8,O2,3.968214938544806,1.3297491436996447
5,imCoh,edges,8,11.0,C3,T8,2.4205257005054563,0.7542124798128922
5,imCoh,edges,8,12.0,C3,P7,3.7366616247874322,0.7668729717434671
5,imCoh,edges,9,10.0,Cz,C4,2.937578088433591,1.203807051410946
5,imCoh,edges,9,14.0,Cz,Pz,2.239237885456051,0.7205499613694899
5,imCoh,edges,9,15.0,Cz,P4,1.7007400848083034,0.7509486310766286
5,imCoh,edges,10,15.0,C4,P4,1.9662670530855486,0.9375101252853977
5,imCoh,edges,11,17.0,T8,O1,4.069189733898833,0.8838435909095198
9,imCoh,edges,1,17.0,FP2,O1,1.4939264539873869,0.920815035322402
9,imCoh,edges,4,17.0,Fz,O1,1.0561207561061559,1.4511845222437758
9,imCoh,edges,5,12.0,F4,P7,1.0999784603436105,0.9173427636362739
9,imCoh,edges,5,15.0,F4,P4,1.4554884311160916,1.078663598612807
9,imCoh,edges,5,18.0,F4,O2,1.365980848142696,0.7946102454916271
9,imCoh,edges,6,17.0,F8,O1,1.1954386654132327,1.2828046324351963
9,imCoh,edges,8,13.0,C3,P3,1.565632239489434,0.8767094632271578
9,imCoh,edges,8,17.0,C3,O1,1.3830414742527906,1.7477699025068238
9,imCoh,edges,9,18.0,Cz,O2,1.4395487597577104,1.0002678742157511
9,imCoh,edges,10,12.0,C4,P7,1.0699723439636344,0.7856276061566396
9,imCoh,edges,10,14.0,C4,Pz,1.29541791688982,1.426680383466198
9,imCoh,edges,11,13.0,T8,P3,1.4125811958625352,1.2102330111983772
9,imCoh,edges,16,17.0,P8,O1,1.435164898032098,0.88793780022702
9,imCoh,edges,16,18.0,P8,O2,1.226765643559722,1.0549149585678368
9,imCoh,ns,1,,FP2,,0.37461857395306625,0.9056376431491355
9,imCoh,ns,9,,Cz,,0.3559157150723743,0.7050834988806949
21,imCoh,edges,0,13.0,FP1,P3,2.1433225007202736,0.6877283738975005
21,imCoh,edges,1,6.0,FP2,F8,2.6113840653612312,0.6912209682146385
21,imCoh,edges,2,13.0,F7,P3,1.8439293407248947,0.7149276410306691
21,imCoh,edges,4,14.0,Fz,Pz,1.701276718766236,0.6709203243887663
21,imCoh,edges,5,10.0,F4,C4,1.5225430348888735,1.8083485482807773
21,imCoh,edges,6,7.0,F8,T7,2.0732880316859723,0.9703683498366785
21,imCoh,edges,6,10.0,F8,C4,2.3967273436275542,0.889964033032809
21,imCoh,edges,8,12.0,C3,P7,2.0402173408801274,1.0316454091253153
21,imCoh,edges,8,15.0,C3,P4,1.138757932833336,0.6519686859282392
21,imCoh,edges,9,15.0,Cz,P4,1.2275381470559033,0.8500414396836216
21,imCoh,edges,10,15.0,C4,P4,0.9846293986678423,1.4892975738693461
21,imCoh,ns,3,,F3,,0.3993503820259267,0.7573574283112319
21,imCoh,ns,4,,Fz,,0.3903879447737669,0.8632194170072011
21,imCoh,ns,5,,F4,,0.3943836504814612,0.5940180263988774
31,imCoh,edges,0,10.0,FP1,C4,2.002528867229,0.7061915596057236
31,imCoh,edges,0,12.0,FP1,P7,1.2336548233294726,1.4168138514353394
31,imCoh,edges,0,14.0,FP1,Pz,1.5111019842965105,1.0036360726132283
31,imCoh,edges,1,7.0,FP2,T7,1.461681937863918,0.7090622001011789
31,imCoh,edges,3,13.0,F3,P3,1.9114809832124586,0.9588349640382876
31,imCoh,edges,4,12.0,Fz,P7,1.3683626666418198,0.6856867824546506
31,imCoh,edges,4,13.0,Fz,P3,1.6369333565749868,1.3216802733979074
31,imCoh,edges,5,12.0,F4,P7,1.3832512224786968,0.7456938984938511
31,imCoh,edges,5,14.0,F4,Pz,1.507527208665718,0.6779607237923138
31,imCoh,edges,6,7.0,F8,T7,1.5246909590428548,0.886659683744625
31,imCoh,edges,6,12.0,F8,P7,1.5037998244313284,0.7938147125554081
31,imCoh,edges,7,8.0,T7,C3,2.088204815920742,0.7133938713059857
31,imCoh,edges,7,11.0,T7,T8,1.9378745697506652,0.8221538688433381
31,imCoh,edges,8,13.0,C3,P3,1.7524710129736485,1.0178479866253773
31,imCoh,edges,9,14.0,Cz,Pz,1.5157666584522635,0.8671723560679991
31,imCoh,edges,10,18.0,C4,O2,2.036453385087949,1.5224171269463813
31,imCoh,ns,3,,F3,,0.413003289121117,0.9902064807037803
31,imCoh,ns,10,,C4,,0.40631339532061883,1.012653286093221
34,imCoh,edges,0,16.0,FP1,P8,3.257280761720454,1.3809150298722415
34,imCoh,edges,1,12.0,FP2,P7,3.8508652227049036,0.9351133090286814
34,imCoh,edges,1,16.0,FP2,P8,3.2529878478168834,0.7543136033305509
34,imCoh,edges,2,3.0,F7,F3,3.491174864474555,0.9228571456303267
34,imCoh,edges,2,15.0,F7,P4,4.00581519639325,1.0139683595071356
34,imCoh,edges,2,18.0,F7,O2,4.110798155690496,1.3712028585735174
34,imCoh,edges,3,16.0,F3,P8,2.1416232229732137,1.0044777932249813
34,imCoh,edges,4,18.0,Fz,O2,2.9659638487463793,0.7174421773056698
34,imCoh,edges,5,18.0,F4,O2,3.3584399980123507,0.7262437463922023
34,imCoh,edges,9,13.0,Cz,P3,2.8566228516299663,0.7389895523122361
34,imCoh,edges,9,17.0,Cz,O1,2.0296006901660744,0.7605855631475946
34,imCoh,edges,10,18.0,C4,O2,1.4545971692067738,0.8094715398450738
34,imCoh,edges,11,15.0,T8,P4,2.680045403222586,0.8653738219935851
34,imCoh,edges,12,13.0,P7,P3,0.7956562962198144,0.7343005713358585
34,imCoh,edges,13,15.0,P3,P4,4.10848425531699,1.1675255158897433
34,imCoh,edges,13,16.0,P3,P8,2.033665333479706,1.0746156654971482
34,imCoh,edges,13,18.0,P3,O2,1.5515257495239343,1.0606162204203322
34,imCoh,edges,14,17.0,Pz,O1,1.2260650603566767,1.1731717372290826
34,imCoh,edges,14,18.0,Pz,O2,1.0060970494108836,2.1550408995908925
34,imCoh,edges,17,18.0,O1,O2,4.15052592386903,0.732499385530176
34,imCoh,ns,13,,P3,,0.35067209943539035,0.8431312800037026
39,imCoh,edges,0,13.0,FP1,P3,1.1209372267401587,0.8216584156986477
39,imCoh,edges,2,7.0,F7,T7,1.155066666772186,1.310833231985091
39,imCoh,edges,3,7.0,F3,T7,0.9518964978258282,1.0059884662661802
39,imCoh,edges,4,8.0,Fz,C3,0.8666573895208647,0.8169638092558353
39,imCoh,edges,4,11.0,Fz,T8,0.9851375896514174,1.1246447079781652
39,imCoh,edges,4,12.0,Fz,P7,0.8909951369869241,1.2789333792710658
39,imCoh,edges,4,13.0,Fz,P3,0.9379354775793571,1.097142979484943
39,imCoh,edges,4,17.0,Fz,O1,1.2275633711766534,1.0649768797615233
39,imCoh,edges,5,15.0,F4,P4,1.1468067419126262,1.182884692989489
39,imCoh,edges,9,10.0,Cz,C4,0.9698644661816725,0.8435034574827858
39,imCoh,edges,9,12.0,Cz,P7,0.9709073612241992,0.781935031587234
39,imCoh,edges,9,17.0,Cz,O1,1.1054853525934831,0.9644214368838939
39,imCoh,edges,13,17.0,P3,O1,0.8356195110116769,0.8394598473859958
39,imCoh,ns,14,,Pz,,0.38227500204629034,0.7398940310129011
1,MSC,edges,4,9.0,Fz,Cz,0.06064014414939234,0.9448157114458859
1,MSC,edges,4,10.0,Fz,C4,0.08845624587361921,1.0656983447174708
1,MSC,edges,4,14.0,Fz,Pz,0.16248850056821101,0.9178384387284031
1,MSC,edges,4,15.0,Fz,P4,0.16870109936470998,0.7289009911823742
1,MSC,edges,8,12.0,C3,P7,0.1636471509826541,0.8006629659356781
1,MSC,edges,8,13.0,C3,P3,0.07213699817402805,1.191525795237963
1,MSC,edges,8,17.0,C3,O1,0.18076892978949433,0.9334290716135434
1,MSC,edges,9,10.0,Cz,C4,0.04211754552948968,0.7293854142017532
1,MSC,edges,9,15.0,Cz,P4,0.07525819316292894,0.5806916236829276
1,MSC,edges,9,17.0,Cz,O1,0.18066906357922802,0.5137487130089943
1,MSC,edges,10,11.0,C4,T8,0.15535668852788734,0.5856367453400737
1,MSC,edges,10,15.0,C4,P4,0.059244842126319204,0.8059082056548597
1,MSC,edges,10,18.0,C4,O2,0.16751822365689495,0.7182794631998245
1,MSC,edges,11,16.0,T8,P8,0.16376902614647704,0.7490063119208559
1,MSC,edges,12,14.0,P7,Pz,0.1456260265471953,0.8771335486786375
1,MSC,edges,14,15.0,Pz,P4,0.023430592971278225,0.9738445228760957
1,MSC,edges,14,18.0,Pz,O2,0.06481675206349288,0.49287563988887395
1,MSC,edges,15,16.0,P4,P8,0.04726972989804635,0.700874543949207
1,MSC,edges,16,18.0,P8,O2,0.05129090665176393,0.6933196646321441
1,MSC,ns,13,,P3,,0.1617788524224173,1.1035872480828888
1,MSC,ns,14,,Pz,,0.14331387690417274,0.5500542857382767
2,MSC,edges,3,4.0,F3,Fz,0.19993844514809017,1.2596240371397847
2,MSC,edges,3,8.0,F3,C3,0.16797250974600159,0.8580600771882927
2,MSC,edges,5,8.0,F4,C3,0.19696126906478612,1.0638414064738562
2,MSC,edges,5,9.0,F4,Cz,0.12091804305026817,0.7137872335638116
2,MSC,edges,7,12.0,T7,P7,0.14463084303297857,0.8306128721239886
2,MSC,edges,7,13.0,T7,P3,0.16805831379711259,0.6060129087422871
2,MSC,edges,8,10.0,C3,C4,0.1489581346561386,0.6787363302757266
2,MSC,edges,9,10.0,Cz,C4,0.04919377714571002,0.6149339650280117
2,MSC,edges,10,11.0,C4,T8,0.13013458956204427,0.8537436450450337
2,MSC,edges,10,13.0,C4,P3,0.17809111090883192,0.6542455701591305
2,MSC,edges,10,14.0,C4,Pz,0.10608804615468291,0.5999649741985185
2,MSC,edges,12,17.0,P7,O1,0.07720163323140916,0.663835359647043
2,MSC,edges,12,18.0,P7,O2,0.16255316442584133,0.831958214874585
2,MSC,edges,13,15.0,P3,P4,0.11701845626764015,0.8996500343063472
2,MSC,edges,14,16.0,Pz,P8,0.13202192434683402,0.7102606286548818
2,MSC,edges,14,17.0,Pz,O1,0.08771326747090832,0.614575181388114
2,MSC,edges,15,16.0,P4,P8,0.05981677209788705,0.8853202618019202
2,MSC,edges,15,17.0,P4,O1,0.13259753276650726,0.9032223054073648
2,MSC,edges,16,18.0,P8,O2,0.1044977943086066,0.9103809559152884
2,MSC,ns,8,,C3,,0.16771990868283748,0.854413673097564
2,MSC,ns,9,,Cz,,0.14226187152816333,0.7472861611191394
2,MSC,ns,10,,C4,,0.15961443392585242,0.6972219081835718
2,MSC,ns,14,,Pz,,0.14731271692305262,0.6848459840191254
5,MSC,edges,4,9.0,Fz,Cz,0.05841250241093336,0.9716580542569933
5,MSC,edges,5,10.0,F4,C4,0.08966547046788614,0.9701321599539263
5,MSC,edges,7,13.0,T7,P3,0.12264990187102398,0.7544236715967093
5,MSC,edges,8,13.0,C3,P3,0.04997767545236033,0.8570847253140879
5,MSC,edges,8,17.0,C3,O1,0.14689537106586725,1.5674130030824789
5,MSC,edges,10,16.0,C4,P8,0.11655005621918176,0.9456443964732417
5,MSC,edges,14,16.0,Pz,P8,0.1301561413925592,1.3373810796596972
5,MSC,edges,14,18.0,Pz,O2,0.07141067873744854,0.7582202122553889
5,MSC,edges,15,16.0,P4,P8,0.07422829335814171,1.6799428551886364
5,MSC,ns,4,,Fz,,0.12752965912198838,0.8113922965874152
5,MSC,ns,8,,C3,,0.13327891636329806,1.889967087976023
5,MSC,ns,15,,P4,,0.1267179754174438,0.8676579413316484
9,MSC,edges,3,7.0,F3,T7,0.16465275972546015,0.7130595161235489
9,MSC,edges,4,14.0,Fz,Pz,0.2067582435525498,1.1600619329936692
9,MSC,edges,5,8.0,F4,C3,0.20285953936236603,0.7239560238830863
9,MSC,edges,5,10.0,F4,C4,0.1258375335088143,0.9578778094686431
9,MSC,edges,7,8.0,T7,C3,0.08894562807033417,0.7150765625893868
9,MSC,edges,7,13.0,T7,P3,0.12991353150363957,0.6246044982476524
9,MSC,edges,8,9.0,C3,Cz,0.07095627493663469,0.9706115733381915
9,MSC,edges,8,10.0,C3,C4,0.2127630312575209,0.6900059551702715
9,MSC,edges,8,12.0,C3,P7,0.15801691056262196,0.8221628455744565
9,MSC,edges,8,13.0,C3,P3,0.07367223582643032,1.3990778981431364
9,MSC,edges,8,14.0,C3,Pz,0.12233379495560259,1.527700549526606
9,MSC,edges,15,18.0,P4,O2,0.07558251182959874,0.905045587492232
9,MSC,ns,4,,Fz,,0.14791773690216442,0.7964647797131901
9,MSC,ns,9,,Cz,,0.1368005167648419,0.9313021916142155
9,MSC,ns,13,,P3,,0.14466122081788735,0.6053868071692448
21,MSC,edges,0,1.0,FP1,FP2,0.13862841333424505,0.7186937147156172
21,MSC,edges,0,4.0,FP1,Fz,0.1216713202129634,0.7402377960355506
21,MSC,edges,1,4.0,FP2,Fz,0.07709241969719373,0.8183906249503635
21,MSC,edges,1,9.0,FP2,Cz,0.10061073826775865,0.8443015278906367
21,MSC,edges,2,3.0,F7,F3,0.10853224892672053,1.6388508059759175
21,MSC,edges,3,5.0,F3,F4,0.06844307966224356,1.2394963873386504
21,MSC,edges,3,8.0,F3,C3,0.1102068056863944,1.0726493168593414
21,MSC,edges,4,6.0,Fz,F8,0.11246783610422348,0.9355474649455153
21,MSC,edges,4,8.0,Fz,C3,0.12246821803078323,2.3987754221626245
21,MSC,edges,5,10.0,F4,C4,0.13158006355785262,2.1876593262960053
21,MSC,edges,8,12.0,C3,P7,0.13531893371930703,0.9310977790579502
21,MSC,edges,8,13.0,C3,P3,0.07159043726899797,0.8996525425223041
21,MSC,edges,8,14.0,C3,Pz,0.10248922773368085,1.0640890888032384
21,MSC,edges,9,10.0,Cz,C4,0.06622410350054884,3.0575674272691673
21,MSC,edges,10,14.0,C4,Pz,0.07898988806390272,1.2281034026602438
21,MSC,edges,10,16.0,C4,P8,0.1340015562021845,0.8034658663807936
21,MSC,edges,12,13.0,P7,P3,0.06423897091303277,0.7096530341638536
21,MSC,edges,12,14.0,P7,Pz,0.1301638418534392,0.8123432844147058
21,MSC,edges,14,15.0,Pz,P4,0.04202476016634571,0.7965096916357108
21,MSC,edges,15,16.0,P4,P8,0.049213116603625234,1.1145508272771107
21,MSC,ns,8,,C3,,0.10185772556241361,0.910624053150771
21,MSC,ns,9,,Cz,,0.0778777396286481,0.6011048564292164
31,MSC,edges,0,4.0,FP1,Fz,0.09084613450241612,0.7800556008936531
31,MSC,edges,1,5.0,FP2,F4,0.08384505774155045,0.5337319016176798
31,MSC,edges,2,4.0,F7,Fz,0.13994979110598132,0.8335950781711952
31,MSC,edges,3,5.0,F3,F4,0.12356267039096869,0.5474702566121152
31,MSC,edges,3,8.0,F3,C3,0.10929852696785242,1.0305955473315802
31,MSC,edges,4,5.0,Fz,F4,0.04761335296213127,1.350510716755207
31,MSC,edges,5,6.0,F4,F8,0.06011967921464552,0.6037565534553948
31,MSC,edges,5,9.0,F4,Cz,0.10076167222545457,0.5661381108696565
31,MSC,edges,5,10.0,F4,C4,0.11473773372557358,0.8204930734082437
31,MSC,edges,7,13.0,T7,P3,0.14051408642515653,1.4339302832651408
31,MSC,edges,8,9.0,C3,Cz,0.0782354071612768,0.6569825485605184
31,MSC,edges,8,13.0,C3,P3,0.087202759426449,0.6155137997512128
31,MSC,edges,9,13.0,Cz,P3,0.12472880041382889,0.5438063857074209
31,MSC,edges,10,15.0,C4,P4,0.07472029769233633,0.8029679774682005
31,MSC,edges,11,15.0,T8,P4,0.12341795240959985,0.8577586376472772
31,MSC,edges,11,16.0,T8,P8,0.15098384992642483,0.5325278906032563
31,MSC,edges,12,17.0,P7,O1,0.1000621968901985,0.8623263524373874
31,MSC,edges,13,17.0,P3,O1,0.11723989621533046,1.0326642626642542
31,MSC,ns,5,,F4,,0.14642010390663898,1.00964949526383
31,MSC,ns,9,,Cz,,0.1301632097440274,0.5484181264846343
34,MSC,edges,4,8.0,Fz,C3,0.16848541094486313,1.1201600486607097
34,MSC,edges,8,9.0,C3,Cz,0.08039168680128714,0.8552786614817462
34,MSC,edges,9,10.0,Cz,C4,0.07892491245033174,1.6645091845938997
34,MSC,edges,10,15.0,C4,P4,0.06214988681617746,0.8665493135977937
34,MSC,edges,10,18.0,C4,O2,0.16687679905071812,0.8204944532490313
34,MSC,edges,12,13.0,P7,P3,0.0682499332814871,1.0484927248136902
34,MSC,edges,12,14.0,P7,Pz,0.14537364794419566,0.9202593311699162
34,MSC,edges,13,15.0,P3,P4,0.13493457341216328,0.8141093973527813
34,MSC,edges,13,17.0,P3,O1,0.10824743536679417,1.1037755591832128
34,MSC,edges,14,17.0,Pz,O1,0.10203517383463157,1.408065965194675
34,MSC,edges,17,18.0,O1,O2,0.09271934575924155,0.8350431204922528
34,MSC,ns,10,,C4,,0.10157788561719719,1.5660042063449044
34,MSC,ns,14,,Pz,,0.09435327364750049,1.1417465901447401
34,MSC,ns,15,,P4,,0.09348244241142653,1.12185452964882
39,MSC,edges,0,2.0,FP1,F7,0.07856541741628592,0.9041774948754632
39,MSC,edges,0,3.0,FP1,F3,0.07620988115685619,0.9099922103731048
39,MSC,edges,1,2.0,FP2,F7,0.1313047952102765,1.0587556203469428
39,MSC,edges,1,3.0,FP2,F3,0.11352704363883334,0.9237470577041758
39,MSC,edges,3,5.0,F3,F4,0.10735037914547707,1.6202633545671468
39,MSC,edges,4,5.0,Fz,F4,0.05101832175598957,1.264408674325728
39,MSC,edges,4,6.0,Fz,F8,0.11652598954567808,1.5699334046030844
39,MSC,edges,5,9.0,F4,Cz,0.13234304436505018,1.133523681765289
39,MSC,edges,5,10.0,F4,C4,0.12963878280984978,2.6694056767645873
39,MSC,edges,9,10.0,Cz,C4,0.0936907899115985,2.0906476813053168
39,MSC,edges,9,14.0,Cz,Pz,0.059036356965577144,1.724941016609272
39,MSC,edges,10,14.0,C4,Pz,0.11812421684431312,1.5672216614501049
39,MSC,edges,10,15.0,C4,P4,0.06614738264123199,1.2329440790287327
39,MSC,edges,11,16.0,T8,P8,0.1386310254024929,0.9464940779790453
39,MSC,edges,15,16.0,P4,P8,0.05252032155476778,0.8978198915013424
39,MSC,edges,16,18.0,P8,O2,0.0632699325808293,0.944669072632685
39,MSC,ns,3,,F3,,0.09599927577764075,1.131052648134002
39,MSC,ns,5,,F4,,0.09940784141726176,1.0528517442254932
39,MSC,ns,14,,Pz,,0.09340727342458212,1.3872368604643865
1,CMI,edges,3,4.0,F3,Fz,0.1747463678063275,0.41633678746750924
1,CMI,edges,3,5.0,F3,F4,0.29498267918052484,0.473780146901353
1,CMI,edges,3,13.0,F3,P3,0.32452835511915956,0.49441490101847124
1,CMI,edges,4,5.0,Fz,F4,0.1783173154353906,1.2153180369458327
1,CMI,edges,8,14.0,C3,Pz,0.24192747402618597,0.6901032487100562
1,CMI,edges,9,10.0,Cz,C4,0.15348248847395324,0.5416869313177306
1,CMI,edges,9,18.0,Cz,O2,0.32410035925986036,0.5170484050739179
1,CMI,edges,10,13.0,C4,P3,0.2928964750287061,0.7433927828194179
1,CMI,edges,12,13.0,P7,P3,0.21265427221676952,0.5428408260599832
1,CMI,edges,13,14.0,P3,Pz,0.1343177049630283,0.5895487477505652
1,CMI,edges,13,15.0,P3,P4,0.21117407584617065,0.7067857943360331
1,CMI,edges,13,17.0,P3,O1,0.1708819119325262,0.6263017320457935
1,CMI,edges,14,15.0,Pz,P4,0.13255979274198126,0.4702328719554193
1,CMI,edges,14,16.0,Pz,P8,0.23240843820629792,1.081622331923577
1,CMI,edges,14,17.0,Pz,O1,0.20023747135739703,0.5541270700271553
1,CMI,edges,14,18.0,Pz,O2,0.1914621583011934,0.775642263910817
1,CMI,edges,15,18.0,P4,O2,0.18366967018851754,0.45028825037927683
1,CMI,edges,16,17.0,P8,O1,0.32912436311876114,0.40879451359230284
1,CMI,edges,16,18.0,P8,O2,0.17022122821420313,0.6503783149733655
1,CMI,edges,17,18.0,O1,O2,0.2138759320281775,0.5071134980235988
1,CMI,ns,9,,Cz,,0.26358860487749614,0.371387243710375
1,CMI,ns,10,,C4,,0.28082138401351153,0.5144854252852593
1,CMI,ns,13,,P3,,0.2831447873028361,0.5497245999334188
1,CMI,ns,14,,Pz,,0.2593513388291221,0.6491025618611873
1,CMI,ns,15,,P4,,0.2675215172701815,0.6271385384863375
2,CMI,edges,3,9.0,F3,Cz,0.37081396825209667,0.6724743582786284
2,CMI,edges,4,5.0,Fz,F4,0.20524451904654759,0.7722964884447767
2,CMI,edges,4,10.0,Fz,C4,0.22827865518457593,0.888731592680188
2,CMI,edges,5,8.0,F4,C3,0.3364450237653273,1.53145913213978
2,CMI,edges,5,9.0,F4,Cz,0.24061873896760924,0.9168252506529966
2,CMI,edges,5,10.0,F4,C4,0.22133328382414977,0.7290400251269682
2,CMI,edges,5,11.0,F4,T8,0.34881682435493944,1.4634919925985395
2,CMI,edges,7,12.0,T7,P7,0.2807635359558494,0.8286960188968833
2,CMI,edges,8,10.0,C3,C4,0.2921229657846055,1.2125327567124993
2,CMI,edges,8,15.0,C3,P4,0.34913966104337324,0.7261241206584654
2,CMI,edges,9,10.0,Cz,C4,0.1597264408820132,0.7067682324083862
2,CMI,edges,10,11.0,C4,T8,0.25076617442366267,1.48921207326846
2,CMI,edges,10,14.0,C4,Pz,0.237751084519159,0.6718636786129114
2,CMI,edges,10,15.0,C4,P4,0.19241493460573805,1.3160550312617683
2,CMI,edges,10,16.0,C4,P8,0.28838824721164186,0.7772650516330988
2,CMI,edges,15,16.0,P4,P8,0.20493914479986336,0.7376847006448425
2,CMI,edges,15,17.0,P4,O1,0.3090476703024012,0.8579891590027802
2,CMI,ns,9,,Cz,,0.26378825241691617,1.0318229455601928
2,CMI,ns,10,,C4,,0.28103040674290103,0.8193583872435518
2,CMI,ns,13,,P3,,0.2914298508687966,1.1538240731860632
2,CMI,ns,15,,P4,,0.28668727205518146,0.7844643438319177
5,CMI,edges,3,8.0,F3,C3,0.20182001128840965,1.2546908324989157
5,CMI,edges,3,9.0,F3,Cz,0.20083701316423894,0.9794801796183272
5,CMI,edges,3,10.0,F3,C4,0.2803978983356272,1.0041893516132592
5,CMI,edges,3,14.0,F3,Pz,0.2817391220328695,0.8822967995643698
5,CMI,edges,4,15.0,Fz,P4,0.27629072070158317,1.180306144102768
5,CMI,edges,5,9.0,F4,Cz,0.22103418802236374,1.5034233747458687
5,CMI,edges,8,13.0,C3,P3,0.15085688679971496,1.2521950311547472
5,CMI,edges,8,15.0,C3,P4,0.24444939167841828,0.8746799802684875
5,CMI,edges,9,13.0,Cz,P3,0.1787899677859378,1.6732011212729563
5,CMI,edges,9,15.0,Cz,P4,0.18691690704479985,1.0354675064044854
5,CMI,edges,10,13.0,C4,P3,0.25917887392190964,0.9913128911408586
5,CMI,edges,12,14.0,P7,Pz,0.21877271601514053,1.2601987165846307
5,CMI,edges,14,17.0,Pz,O1,0.20446783402666577,0.888697031034689
5,CMI,ns,8,,C3,,0.23475513119696437,1.0000405343213508
5,CMI,ns,15,,P4,,0.2228142401995504,0.9517002383359504
9,CMI,edges,1,4.0,FP2,Fz,0.2912127397249704,0.8617371188111821
9,CMI,edges,3,4.0,F3,Fz,0.11258603940266779,1.3678115103209842
9,CMI,edges,3,10.0,F3,C4,0.3353883863477187,1.0515579161660011
9,CMI,edges,4,8.0,Fz,C3,0.21384050008729213,0.8816306508801635
9,CMI,edges,4,10.0,Fz,C4,0.22655544327761407,1.0064223446768708
9,CMI,edges,4,14.0,Fz,Pz,0.3526033736179183,1.1009813406081825
9,CMI,edges,5,10.0,F4,C4,0.21863547778520567,0.9598795110523743
9,CMI,edges,8,10.0,C3,C4,0.3390369671935991,0.8585853671650088
9,CMI,edges,9,15.0,Cz,P4,0.2372781143017479,1.4253932046131548
9,CMI,edges,13,15.0,P3,P4,0.2678249433745946,1.0375002575320682
9,CMI,edges,13,18.0,P3,O2,0.2776895574097301,0.9207851827693346
9,CMI,edges,16,18.0,P8,O2,0.3023853746533822,0.9834044912834485
9,CMI,edges,17,18.0,O1,O2,0.2043405202543811,0.8454339537587416
9,CMI,ns,4,,Fz,,0.21365925947299264,0.7604687184972413
9,CMI,ns,9,,Cz,,0.21490215593452539,0.7510835702297952
21,CMI,edges,0,5.0,FP1,F4,0.18875909109691083,1.162990530527974
21,CMI,edges,1,9.0,FP2,Cz,0.16048853474183394,0.799585677594681
21,CMI,edges,4,5.0,Fz,F4,0.07635783948893837,0.7608808399653789
21,CMI,edges,7,12.0,T7,P7,0.2337848790933134,0.8618166677734069
21,CMI,edges,8,14.0,C3,Pz,0.1781531498855708,0.7762108733231066
21,CMI,edges,9,10.0,Cz,C4,0.14275524227750583,1.1566534148105818
21,CMI,edges,9,15.0,Cz,P4,0.2026079101401541,1.0039198829928995
21,CMI,edges,13,17.0,P3,O1,0.14073413669955143,0.7182135291826175
21,CMI,edges,15,16.0,P4,P8,0.13387777943396706,1.0833934496508295
21,CMI,edges,15,17.0,P4,O1,0.21573888788329582,0.8970941406945374
21,CMI,ns,1,,FP2,,0.13208063991758823,0.8623024992636765
21,CMI,ns,5,,F4,,0.12121141300064861,0.6620141178869425
31,CMI,edges,0,3.0,FP1,F3,0.17402700849392,1.2034927931510755
31,CMI,edges,2,3.0,F7,F3,0.1526429458789765,0.7467325477671294
31,CMI,edges,2,4.0,F7,Fz,0.21511312182504932,0.7162473682059969
31,CMI,edges,3,8.0,F3,C3,0.25620505417427414,1.1768958187034926
31,CMI,edges,5,9.0,F4,Cz,0.18580947463968625,1.4679231656768659
31,CMI,edges,5,10.0,F4,C4,0.2593714194209685,0.896343610075953
31,CMI,edges,7,8.0,T7,C3,0.19269108691020378,0.860730561270914
31,CMI,edges,8,9.0,C3,Cz,0.18051073611129362,1.1425690638203316
31,CMI,edges,9,13.0,Cz,P3,0.21851025202175914,1.1184140056772376
31,CMI,edges,9,15.0,Cz,P4,0.219128149170013,0.7973771491789701
31,CMI,edges,12,13.0,P7,P3,0.16952653170396043,1.0777531996118976
31,CMI,edges,16,18.0,P8,O2,0.17677465959775462,0.8960088394051432
31,CMI,edges,17,18.0,O1,O2,0.19184648600939425,0.85472580690068
31,CMI,ns,3,,F3,,0.21504069076560364,0.9889504527361204
31,CMI,ns,13,,P3,,0.21954542652958703,0.679797441894
34,CMI,edges,3,8.0,F3,C3,0.26249006864605906,1.2750855180218708
34,CMI,edges,4,5.0,Fz,F4,0.08932125288041867,1.4255377913787635
34,CMI,edges,5,10.0,F4,C4,0.19558255808281128,0.8792369536225357
34,CMI,edges,5,11.0,F4,T8,0.25413828700092733,0.8861916278220408
34,CMI,edges,6,9.0,F8,Cz,0.27027341804964866,1.0883558164708411
34,CMI,edges,8,9.0,C3,Cz,0.15071658703355467,0.8629179564836515
34,CMI,edges,9,13.0,Cz,P3,0.1990274950455814,0.9304606786504004
34,CMI,edges,9,15.0,Cz,P4,0.18481937196659037,1.0163958089130243
34,CMI,edges,10,11.0,C4,T8,0.23784131581240792,1.409529502744017
34,CMI,edges,10,14.0,C4,Pz,0.17179458668040315,0.8567364378489715
34,CMI,edges,10,15.0,C4,P4,0.12057661611435944,1.2267872404648952
34,CMI,edges,11,16.0,T8,P8,0.25845666338803,0.9528518153301755
34,CMI,edges,12,17.0,P7,O1,0.14284090089661114,1.157765167550454
34,CMI,edges,13,17.0,P3,O1,0.19804534630734774,1.359045806489767
34,CMI,edges,14,17.0,Pz,O1,0.17440803008770595,1.2249054502637502
34,CMI,edges,15,17.0,P4,O1,0.22648755125625492,0.9519899680084143
34,CMI,ns,16,,P8,,0.14078271365572137,1.0930005617010048
39,CMI,edges,0,1.0,FP1,FP2,0.19227621567428782,0.9852231343690065
39,CMI,edges,0,4.0,FP1,Fz,0.15537306460036482,0.9209317354464509
39,CMI,edges,1,2.0,FP2,F7,0.18985637334770328,0.9316307679532333
39,CMI,edges,1,3.0,FP2,F3,0.178113887489742,0.8720111224343245
39,CMI,edges,3,5.0,F3,F4,0.1812133754559969,0.9789058484438219
39,CMI,edges,5,10.0,F4,C4,0.23662301014796705,2.330730551446024
39,CMI,edges,7,8.0,T7,C3,0.23303110879974231,0.8488877710707305
39,CMI,edges,9,10.0,Cz,C4,0.16849120009344754,2.013778684329614
39,CMI,edges,10,14.0,C4,Pz,0.19236300354102265,0.8772911922299105
39,CMI,edges,11,15.0,T8,P4,0.1857350247435157,0.9915401471362861
39,CMI,edges,12,14.0,P7,Pz,0.18058532304577146,1.0187481849687212
39,CMI,edges,13,17.0,P3,O1,0.15537881378146778,1.1836441455121935
39,CMI,edges,14,15.0,Pz,P4,0.1153258011041885,0.8999258007962052
39,CMI,edges,14,18.0,Pz,O2,0.16447128973122746,1.0819641286176487
39,CMI,ns,0,,FP1,,0.12765934405449603,0.9535073674936754
39,CMI,ns,3,,F3,,0.12180010206436512,0.9798155236840838
39,CMI,ns,5,,F4,,0.12680081453344394,1.0194700328993709
1,CFC,edges,0,11.0,FP1,T8,0.5590051067353872,0.7673414074170948
1,CFC,edges,1,11.0,FP2,T8,0.5657077267788527,1.1213561709442295
1,CFC,edges,2,4.0,F7,Fz,0.5793383759021989,0.894670142708315
1,CFC,edges,2,5.0,F7,F4,0.5309719615065736,1.0404336737548467
1,CFC,edges,2,10.0,F7,C4,0.5578111687779799,0.8556485926890616
1,CFC,edges,2,13.0,F7,P3,0.5694564946475495,0.7589851085189756
1,CFC,edges,2,14.0,F7,Pz,0.5757642397295983,0.7637112804402051
1,CFC,edges,5,7.0,F4,T7,0.5565454513923065,1.0955750582996375
1,CFC,edges,5,17.0,F4,O1,0.578189980398918,0.850452512596273
1,CFC,edges,6,18.0,F8,O2,0.5847050619065679,0.7820022847146608
1,CFC,edges,7,14.0,T7,Pz,0.5479654406002843,0.9347571524340335
1,CFC,edges,7,16.0,T7,P8,0.5842404457538353,0.8155116667556074
1,CFC,edges,7,18.0,T7,O2,0.5647906678147852,1.0461019977838562
1,CFC,edges,8,11.0,C3,T8,0.5834348189930718,1.0997244905756682
1,CFC,ns,1,,FP2,,0.48535350108555275,0.7770179859275543
2,CFC,edges,3,7.0,F3,T7,0.7359826124018638,0.5153572414162121
2,CFC,edges,4,14.0,Fz,Pz,0.8153113997395145,0.8615115871641439
2,CFC,edges,4,18.0,Fz,O2,0.7951558119089597,0.4510962432126039
2,CFC,edges,5,8.0,F4,C3,0.7417885046573548,0.5013292231895685
2,CFC,edges,5,13.0,F4,P3,0.7138405869142042,0.6821164516560556
2,CFC,edges,5,15.0,F4,P4,0.7294599689054638,0.47045977720547144
2,CFC,edges,5,16.0,F4,P8,0.744174149408817,0.6126344729521324
2,CFC,edges,5,17.0,F4,O1,0.6977445289247226,0.516700651859646
2,CFC,edges,7,9.0,T7,Cz,0.7792637497841197,0.5329872117406721
2,CFC,edges,7,11.0,T7,T8,0.6456435602231831,0.6854199766414254
2,CFC,edges,7,12.0,T7,P7,0.7039808069205378,0.7403135090002259
2,CFC,edges,7,13.0,T7,P3,0.6904040789673613,0.7566938356096744
2,CFC,edges,7,15.0,T7,P4,0.6859120401832111,1.1067152851660824
2,CFC,edges,7,16.0,T7,P8,0.714787155199085,0.4662439653055527
2,CFC,edges,7,18.0,T7,O2,0.7610577761303474,0.5235921291239974
2,CFC,edges,8,10.0,C3,C4,0.7767789529018162,0.6013643696024497
2,CFC,edges,8,11.0,C3,T8,0.8032974785907188,0.6754700114756504
2,CFC,edges,8,15.0,C3,P4,0.79739868380238,0.9197945940682125
2,CFC,edges,8,16.0,C3,P8,0.8126399622191276,0.6876401658795752
2,CFC,edges,10,12.0,C4,P7,0.7327486139809346,0.455866291497379
2,CFC,edges,10,13.0,C4,P3,0.8044258677997866,1.1356161983504944
2,CFC,edges,10,14.0,C4,Pz,0.7647652891200807,0.9433641887435315
2,CFC,edges,10,16.0,C4,P8,0.8074821997599253,0.8624526848228499
2,CFC,edges,10,17.0,C4,O1,0.7511422554579361,0.5225163712517168
2,CFC,edges,10,18.0,C4,O2,0.7809434773875501,0.5922396051788941
2,CFC,edges,14,15.0,Pz,P4,0.8125860985893236,0.8130472145852912
2,CFC,edges,14,17.0,Pz,O1,0.8049194608562344,0.7201092221640482
2,CFC,edges,15,17.0,P4,O1,0.7955707172909119,0.837531307756989
2,CFC,edges,16,17.0,P8,O1,0.7984085938750625,0.5904452015551895
2,CFC,ns,5,,F4,,0.735400080010792,0.4986046914690917
2,CFC,ns,10,,C4,,0.7650069869896995,0.43183524918523764
2,CFC,ns,14,,Pz,,0.7547807161501163,0.5956984014121784
5,CFC,edges,0,7.0,FP1,T7,0.6973754779063578,1.0791199329011538
5,CFC,edges,0,15.0,FP1,P4,0.7102521235001786,1.3280138967379478
5,CFC,edges,1,7.0,FP2,T7,0.7245404235783228,0.8295394739988521
5,CFC,edges,2,7.0,F7,T7,0.7004467337578495,1.2656554376810434
5,CFC,edges,2,9.0,F7,Cz,0.7215217113410834,1.1123294205985164
5,CFC,edges,2,10.0,F7,C4,0.6909648498798379,0.7587167352696635
5,CFC,edges,2,11.0,F7,T8,0.7104859371197599,0.7668682562551239
5,CFC,edges,2,12.0,F7,P7,0.6543310793371755,1.1422851499559243
5,CFC,edges,2,16.0,F7,P8,0.7010648709784011,1.2412303914967866
5,CFC,edges,2,18.0,F7,O2,0.6748557672726941,0.8422920735811823
5,CFC,edges,4,17.0,Fz,O1,0.7135229055570289,0.7151542976581412
5,CFC,edges,4,18.0,Fz,O2,0.7247781863281179,0.7608336778956606
5,CFC,edges,6,17.0,F8,O1,0.7257218762341845,1.1753908225603422
5,CFC,edges,7,9.0,T7,Cz,0.6954621051613188,1.6115472032486542
5,CFC,edges,7,16.0,T7,P8,0.6912320804433052,0.9549876924157625
5,CFC,edges,8,18.0,C3,O2,0.7235491070751667,0.8253328311515169
5,CFC,edges,9,18.0,Cz,O2,0.7276113232925643,0.7523211643965948
5,CFC,edges,11,17.0,T8,O1,0.7263496640158797,0.7760067028430307
5,CFC,ns,8,,C3,,0.6752356317746098,1.1921909160295736
5,CFC,ns,18,,O2,,0.6625082779677058,0.8669775814398012
9,CFC,edges,0,15.0,FP1,P4,0.7142583511885998,0.9718566866201632
9,CFC,edges,2,11.0,F7,T8,0.7257181125162677,0.9719778889092047
9,CFC,edges,2,12.0,F7,P7,0.6907445557974918,0.9654414171100525
9,CFC,edges,2,16.0,F7,P8,0.6259069473653127,1.2092200338338406
9,CFC,edges,4,11.0,Fz,T8,0.6886174303691783,1.0948536226219276
9,CFC,edges,10,11.0,C4,T8,0.699961106348435,0.966271764808844
9,CFC,edges,11,15.0,T8,P4,0.6642783436324036,1.0671747882457723
9,CFC,edges,11,17.0,T8,O1,0.6911395986323456,1.5772594532662279
9,CFC,edges,16,18.0,P8,O2,0.6211531198295792,1.5560448801712394
9,CFC,ns,0,,FP1,,0.5810928205218581,1.0925044370177326
9,CFC,ns,15,,P4,,0.6284510004571826,0.9288279916214705
21,CFC,edges,0,15.0,FP1,P4,0.5172429408590192,1.1918837314096788
21,CFC,edges,1,11.0,FP2,T8,0.5456320791736333,1.0002201011964653
21,CFC,edges,2,6.0,F7,F8,0.5495212923494504,0.6983353105093077
21,CFC,edges,2,16.0,F7,P8,0.503957060196916,1.235054447626802
21,CFC,edges,2,18.0,F7,O2,0.5199141972724401,1.0292302287294937
21,CFC,edges,3,11.0,F3,T8,0.5267659278443836,1.1085104017044873
21,CFC,edges,3,13.0,F3,P3,0.5284887316657543,0.7046636150424571
21,CFC,edges,4,11.0,Fz,T8,0.5415418351333132,1.1036806045154182
21,CFC,edges,6,14.0,F8,Pz,0.5463315471303145,1.126026100874578
21,CFC,edges,7,17.0,T7,O1,0.547857371466385,0.9168113585740278
21,CFC,edges,9,11.0,Cz,T8,0.5463376447892474,1.0270327564863948
21,CFC,edges,9,16.0,Cz,P8,0.5349393808728129,0.8457721920121412
21,CFC,edges,10,16.0,C4,P8,0.5370889604160907,0.7934437765877392
21,CFC,ns,1,,FP2,,0.33251703018785406,1.1155752754710906
31,CFC,edges,0,18.0,FP1,O2,0.5172951771738246,0.8597285723937164
31,CFC,edges,1,17.0,FP2,O1,0.5587415903939349,1.0346174449311363
31,CFC,edges,2,8.0,F7,C3,0.5147295567037781,0.9097048762099584
31,CFC,edges,2,13.0,F7,P3,0.46228361856612166,0.73260849910458
31,CFC,edges,2,17.0,F7,O1,0.5269913158529502,1.153963274538407
31,CFC,edges,3,7.0,F3,T7,0.5644455944898281,0.9587452192665599
31,CFC,edges,3,14.0,F3,Pz,0.5547355053292478,1.6617463764218474
31,CFC,edges,4,13.0,Fz,P3,0.5378779363060341,1.1576618317675025
31,CFC,edges,4,18.0,Fz,O2,0.5337125650038417,0.9270084337826581
31,CFC,edges,6,13.0,F8,P3,0.5488245363249342,0.7392415404756966
31,CFC,edges,6,18.0,F8,O2,0.5628342569579581,0.9674116752588576
31,CFC,edges,8,10.0,C3,C4,0.558960947949835,1.0268833867847684
31,CFC,edges,8,15.0,C3,P4,0.5494472722077515,1.1837001406131524
31,CFC,edges,10,14.0,C4,Pz,0.5693169395363795,0.7839762607768066
31,CFC,ns,2,,F7,,0.37276520176022165,1.3522991810552962
31,CFC,ns,14,,Pz,,0.41192017641621,0.8747347181588735
31,CFC,ns,15,,P4,,0.40744267408933166,0.8634448956833598
34,CFC,edges,0,8.0,FP1,C3,0.531431388358582,0.8427528801683088
34,CFC,edges,0,11.0,FP1,T8,0.5032681921512863,0.7606489069627083
34,CFC,edges,1,11.0,FP2,T8,0.5302459874910703,0.7969830822281835
34,CFC,edges,1,13.0,FP2,P3,0.5000982266873006,0.7812590076916446
34,CFC,edges,2,6.0,F7,F8,0.5201400913440907,1.326153306256884
34,CFC,edges,2,8.0,F7,C3,0.5127392061975853,1.065717422659313
34,CFC,edges,3,16.0,F3,P8,0.5173391112815795,0.7298092988688636
34,CFC,edges,3,18.0,F3,O2,0.5292237548225577,0.8911689707443486
34,CFC,edges,4,15.0,Fz,P4,0.5076063585555153,0.7105437757889895
34,CFC,edges,5,14.0,F4,Pz,0.5226771476061371,0.7317843560005595
34,CFC,edges,5,18.0,F4,O2,0.5104790535166271,0.9261419305456696
34,CFC,edges,6,16.0,F8,P8,0.5101232700087438,0.9466713647577392
34,CFC,edges,10,16.0,C4,P8,0.500573675588176,0.8628142248211722
34,CFC,edges,12,16.0,P7,P8,0.5192505147552364,0.73500078441503
34,CFC,edges,13,16.0,P3,P8,0.4650045980788467,0.7374270211373731
34,CFC,edges,16,17.0,P8,O1,0.4628669701183594,0.9984255331299815
34,CFC,ns,2,,F7,,0.30049912061045186,0.8393783406671297
34,CFC,ns,13,,P3,,0.3075368928135247,0.7430251825750799
39,CFC,edges,0,17.0,FP1,O1,0.5250009118151099,0.7821800398254783
39,CFC,edges,0,18.0,FP1,O2,0.5020406258208034,0.7376846368677918
39,CFC,edges,1,15.0,FP2,P4,0.509040421145777,1.0003576812292052
39,CFC,edges,1,18.0,FP2,O2,0.472043793647333,0.7171779736680457
39,CFC,edges,2,18.0,F7,O2,0.5264544205322043,1.0378196103321335
39,CFC,edges,4,11.0,Fz,T8,0.5286388031337101,0.7053696717647949
39,CFC,edges,5,8.0,F4,C3,0.492416906493198,0.7202544951074461
39,CFC,edges,5,10.0,F4,C4,0.5090387434919328,0.8108531259181684
39,CFC,edges,6,10.0,F8,C4,0.5219112114324689,0.7246262651832729
39,CFC,edges,8,9.0,C3,Cz,0.5314471740690844,1.1487727646408397
39,CFC,edges,8,11.0,C3,T8,0.5036609054742107,0.9311090079655595
39,CFC,edges,8,15.0,C3,P4,0.515178537375416,0.910879642252179
39,CFC,edges,9,11.0,Cz,T8,0.5299787605828477,0.92532540552685
39,CFC,edges,10,12.0,C4,P7,0.5039129407227008,0.9102033861502692
39,CFC,edges,10,16.0,C4,P8,0.5198005734904487,1.133224890461453
39,CFC,edges,11,14.0,T8,Pz,0.531144495080651,0.8350043606350659
39,CFC,edges,12,16.0,P7,P8,0.5320449037987941,0.7331601213405999
39,CFC,ns,1,,FP2,,0.2971115620033241,0.9309622787861825
39,CFC,ns,11,,T8,,0.3030967080358951,0.9957946212199031
